﻿shopId,lv1Name,lv2Name,shopName
67570526,广西壮族自治区,贺州市,华莱士(灵峰店)
67581901,山东省,青岛市,华莱士炸鸡汉堡(黄岛舟山)
67582884,广东省,阳江市,华莱士(合水店)
67588309,山东省,日照市,华莱士炸鸡汉堡(日照海滨三路)
67588373,山东省,临沂市,华莱士炸鸡汉堡(沂水北关街)
67588659,山东省,临沂市,华莱士炸鸡汉堡(临沂兰陵银座)
67628732,湖北省,孝感市,华莱士(南门河桥头店)
67631232,广东省,广州市,华莱士
67633960,山东省,烟台市,华莱士炸鸡汉堡
67658497,江苏省,苏州市,华莱士(八坼店)
67701428,辽宁省,沈阳市,华莱士(十一纬路店)
67707381,江苏省,南京市,华莱士
67718976,湖北省,武汉市,华莱士(锦绣龙城店)
67724028,辽宁省,锦州市,华莱士(渤大店)
67741610,广东省,深圳市,华莱士(长圳店)
67759006,甘肃省,兰州市,华莱士(刘家滩店)
67761060,安徽省,蚌埠市,华莱士(固镇汇金店)
67773517,广东省,中山市,华莱士
67791679,山西省,临汾市,华莱士(霍州店)
67800835,山东省,济宁市,华莱士炸鸡汉堡(兖州火车站店)
67827923,湖北省,武汉市,华莱士(新荣客运站店)
67831696,湖南省,娄底市,华莱士(双峰店)
67862970,上海市,松江区,华莱士(文汇店)
67877558,四川省,乐山市,华莱士(乐山育贤街餐厅)
67885266,辽宁省,锦州市,华莱士(凌海二高中店)
67901017,内蒙古自治区,呼和浩特市,华莱士炸鸡汉堡WALLACE
67934594,江西省,赣州市,华莱士
67950505,福建省,福州市,华莱士(豪香御景店)
67950935,陕西省,西安市,华莱士
67968620,吉林省,四平市,华莱士(地直街店)
67976701,山东省,德州市,华莱士炸鸡汉堡(陵县店)
68013763,广东省,惠州市,华莱士(广厦新苑白泥路店)
68026926,广东省,阳江市,华莱士(春城店)
68057546,浙江省,杭州市,华莱士
68067825,福建省,南平市,华莱士(盛海店)
68175451,河北省,沧州市,华莱士
68177353,安徽省,六安市,华莱士炸鸡汉堡
68195460,山东省,临沂市,华莱士
68204267,福建省,福州市,华莱士(玉田店)
68204303,福建省,泉州市,华莱士(127新城店)
68215134,江西省,抚州市,华莱士
68224229,广东省,惠州市,华莱士(三栋店)
68226654,江苏省,南通市,华莱士(段家坝店)
68260190,山东省,日照市,华莱士
68334686,山东省,临沂市,华莱士
68343480,西藏自治区,阿里地区,华莱士
68356305,江西省,赣州市,华莱士
68366156,四川省,眉山市,华莱士
68383133,西藏自治区,阿里地区,华莱士
68390379,新疆维吾尔自治区,阿勒泰地区,华莱士
6845802,河南省,商丘市,华莱士(金银路店)
68519893,河北省,张家口市,华莱士(牌楼南街)
6852366,浙江省,温州市,华莱士(瓯北双塔2店)
68775001,海南省,澄迈县,华莱士(金江文明N0.52店)
68807729,山东省,泰安市,华莱士(泉沟店)
68942764,河北省,保定市,华莱士(三台乐购)
68964019,广东省,河源市,华莱士(大学城店)
68972042,山西省,晋城市,华莱士(晋城店)
68981409,湖北省,孝感市,华莱士(乾坤店)
68984603,福建省,漳州市,华莱士(杜浔店)
69035509,河南省,开封市,华莱士炸鸡汉堡(大润发店)
69037689,上海市,浦东新区,华莱士(海洋大学店)
69080242,广东省,东莞市,华莱士(大朗红荔店)
69088182,广东省,广州市,华莱士(夏园店)
69101189,湖南省,常德市,华莱士
69119809,安徽省,芜湖市,华莱士(双城广场店)
69137648,广东省,中山市,华莱士(南头信惠店)
69138280,广西壮族自治区,桂林市,华莱士(金和餐厅)
69138451,广西壮族自治区,贵港市,华莱士(凤凰店)
69177349,云南省,玉溪市,华莱士(峨山店)
69180708,广东省,深圳市,华莱士炸鸡汉堡(塘下涌店)
69196675,四川省,泸州市,华莱士
69207889,江西省,九江市,华莱士(中辉店)
69231192,福建省,福州市,华莱士(文山里店)
69233384,浙江省,丽水市,华莱士(莲都中山店)
69262232,上海市,松江区,华莱士(泗泾二店)
69277060,广东省,梅州市,华莱士(梅园店)
69332064,江苏省,苏州市,华莱士(花园西路店)
69469283,江西省,南昌市,华莱士
69475133,山东省,潍坊市,华莱士(上城国际店)
69485696,四川省,宜宾市,华莱士
69496468,浙江省,杭州市,华莱士(三角村店)
69517717,河南省,洛阳市,华莱士(杜康店)
69532041,安徽省,合肥市,华莱士(北城世纪东路店)
69542212,安徽省,安庆市,华莱士(光彩店)
69618019,湖南省,益阳市,华莱士(益阳桃花仑店)
69621048,甘肃省,兰州市,华莱士(建兰南路店)
69634399,广东省,河源市,华莱士(龙川二店)
69634412,广东省,清远市,华莱士(南门店)
69638747,浙江省,丽水市,华莱士
69644680,广东省,广州市,华莱士(万达店)
69674409,上海市,松江区,华莱士(车墩二店)
69682388,广东省,广州市,华莱士(江高店)
69700005,广东省,深圳市,华莱士(汽车城店)
69713950,贵州省,六盘水市,华莱士(康乐店)
69776255,广东省,广州市,华莱士(永和店)
69786018,广东省,江门市,华莱士(江华路店)
69818706,湖南省,湘潭市,华莱士(板塘店)
69836256,安徽省,芜湖市,华莱士(大桥店)
69840692,江西省,吉安市,华莱士
69841072,江苏省,苏州市,华莱士(安元路店)
69885122,湖北省,咸宁市,华莱士(赤壁心福心店)
69922918,福建省,漳州市,华莱士(132南靖三市店)
69956960,上海市,浦东新区,华莱士(祝桥店)
69960577,四川省,成都市,华莱士(温江店)
70068852,浙江省,嘉兴市,华莱士(大麻镇店)
70069200,广东省,汕头市,华莱士(谷贵店)
70136746,广东省,深圳市,华莱士(石岩兴业店)
70147878,河南省,郑州市,华莱士(新南阳餐厅)
70449893,福建省,漳州市,华莱士(134腾飞店)
70611070,四川省,成都市,华莱士炸鸡汉堡(百草店)
70700668,广东省,广州市,华莱士
70828131,湖北省,荆门市,华莱士(好又多店)
71006160,山东省,东营市,华莱士(六合广场店)
71395360,江西省,宜春市,华莱士(上高四中店)
72339608,广东省,广州市,华莱士(王圣堂店)
72371211,江苏省,苏州市,华莱士(聚贤路店)
72458015,重庆市,九龙坡区,华莱士(民安华福店)
73405280,辽宁省,朝阳市,华莱士兴隆店
73420978,山东省,潍坊市,华莱士炸鸡汉堡
73424205,湖南省,娄底市,华莱士(粮贸店)
73430620,福建省,龙岩市,华莱士
73555212,上海市,浦东新区,华莱士(晨阳店)
73566682,江西省,南昌市,华莱士
73590436,福建省,厦门市,华莱士(银河大厦店)
73594928,江苏省,苏州市,华莱士(浏家港店)
73622121,福建省,泉州市,华莱士(142鲤城百汇店)
74127354,河北省,秦皇岛市,华莱士
74555433,重庆市,长寿区,华莱士(碧水天城)
74595095,上海市,浦东新区,华莱士(周浦店)
74596030,福建省,泉州市,华莱士(135农贸店)
74606254,贵州省,铜仁地区,华莱士(铜仁店)
75007151,江西省,南昌市,华莱士(新洪城店)
75031767,山西省,运城市,华莱士炸鸡汉堡
75089466,浙江省,金华市,华莱士(万达广场店)
75131820,福建省,泉州市,华莱士(139大润发店)
75136360,安徽省,黄山市,华莱士(徽城店)
75172931,山东省,青岛市,华莱士(胶南家乐城店)
75186108,江苏省,无锡市,华莱士(钱桥店)
75190714,陕西省,西安市,华莱士(方新店)
75633780,广东省,广州市,华莱士
75690700,福建省,厦门市,华莱士(海沧房产店)
76090837,湖北省,孝感市,华莱士明星小站(马口朝阳路)
76414946,湖北省,随州市,华莱士(大润发店)
76415386,湖北省,鄂州市,华莱士(庙岭店)
76427953,湖北省,武汉市,华莱士(时尚城店)
76663336,辽宁省,锦州市,华莱士(商贸城店)
76735034,浙江省,宁波市,华莱士(马渚店)
76735617,广西壮族自治区,桂林市,华莱士(桂南餐厅)
76735730,湖南省,衡阳市,华莱士(南华大学店)
76740490,广东省,佛山市,华莱士(鹏泰店)
76742067,江苏省,苏州市,华莱士(依福路店)
76744628,河南省,济源市,华莱士(时代广场店)
76821925,四川省,成都市,华莱士
76822900,福建省,三明市,华莱士
76824643,海南省,海口市,华莱士
76830089,广西壮族自治区,桂林市,华莱士(桂百餐厅)
76831778,广东省,深圳市,华莱士炸鸡汉堡(桥南店)
76833795,吉林省,通化市,华莱士
76847465,广西壮族自治区,贵港市,华莱士(桂南店)
76850504,湖南省,怀化市,华莱士(湖天开发区店)
76887098,江西省,鹰潭市,华莱士
76895179,广东省,东莞市,华莱士（麻涌福嘉店
76940495,浙江省,宁波市,华莱士
76970690,福建省,漳州市,华莱士(铜陵餐厅)
76975763,江苏省,苏州市,华莱士(郭巷三店)
76983049,广东省,珠海市,华莱士(香溪店)
76995432,重庆市,綦江区,华莱士(营盘山店)
76996077,山东省,烟台市,华莱士(魁玉路振华店)
76996380,重庆市,渝北区,华莱士(鸳鸯店)
76996438,河北省,邯郸市,华莱士(河北鸡泽店)
76996449,河北省,邢台市,华莱士(河北南和店)
76996500,山东省,临沂市,华莱士(常钊购物)
77006912,广东省,广州市,华莱士(鸦岗店)
77024200,辽宁省,抚顺市,华莱士(抚顺生活广场店)
77060592,河南省,开封市,华莱士汉堡店(新郑市锦城店)
77109853,北京市,通州区,华莱士
77219301,浙江省,丽水市,华莱士(龙泉阳光城店)
77220901,四川省,遂宁市,华莱士(蓬莱店)
77258696,山东省,日照市,华莱士(莒县店)
77278660,山东省,滨州市,华莱士(华星银座)
77281396,浙江省,温州市,华莱士(金乡金城店)
77294920,广东省,中山市,华莱士(宝丰店)
77316936,福建省,三明市,华莱士(边贸店)
77343285,辽宁省,沈阳市,华莱士(体育学院店)
77441691,四川省,眉山市,华莱士(眉山店)
77441696,四川省,眉山市,华莱士(丹棱店)
77459186,山东省,泰安市,华莱士(创业大街店)
77459190,山东省,泰安市,华莱士(东湖小区店)
77465552,河南省,焦作市,华莱士
77477553,四川省,成都市,华莱士炸鸡汉堡(成都体院餐厅)
77478493,四川省,眉山市,华莱士炸鸡汉堡(上大南街餐厅)
77482974,浙江省,台州市,华莱士(院桥店)
77483975,福建省,宁德市,华莱士(福鼎华福店)
77489317,广东省,韶关市,华莱士(新华北店)
77532959,广东省,汕头市,华莱士(老和惠路店)
77682462,安徽省,亳州市,华莱士(翰联广场店)
77936931,广东省,广州市,华莱士(三元里)
78002103,湖北省,武汉市,华莱士汉堡店(新湾路)
78014429,湖北省,黄石市,华莱士(阳新高中店)
79207638,山西省,运城市,华莱士运城(黄河店)
79214863,广东省,深圳市,华莱士(龙观路口店)
79232597,吉林省,延边朝鲜族自治州,华莱士(现代店)
79241082,重庆市,渝中区,华莱士(和平路店)
79259232,浙江省,宁波市,华莱士(杭州湾店)
79259247,浙江省,杭州市,华莱士(党湾店)
79273077,湖北省,荆州市,华莱士万联七星餐厅
79278127,广东省,广州市,华莱士(花都马溪店)
79293403,上海市,浦东新区,华莱士(秀沿店)
79448660,江苏省,无锡市,华莱士(仁和花园店)
79451044,广东省,潮州市,华莱士(长美店)
79470441,重庆市,南川区,华莱士(南大街店)
79471058,湖北省,武汉市,华莱士(万景国际店)
79607426,广东省,深圳市,华莱士(新生店)
79633258,山东省,日照市,华莱士(水利学院店)
79677528,福建省,泉州市,华莱士(149金沙城店)
79679643,四川省,成都市,华莱士(彭镇店)
79748429,天津市,红桥区,华莱士
79781971,贵州省,铜仁地区,华莱士
79829242,江西省,宜春市,华莱士(汇城明珠西北)
79860066,湖南省,邵阳市,华莱士(文体小站店)
79912133,广西壮族自治区,钦州市,华莱士(南珠西大街)
8002382,湖南省,怀化市,华莱士(怀化中心市场店)
68262979,江西省,赣州市,华莱士(阳明中路)
68264389,新疆维吾尔自治区,阿勒泰地区,华莱士
68285477,湖南省,永州市,华莱士
68417911,山东省,泰安市,华莱士(西张庄店)
68459842,湖北省,十堰市,华莱士
68466557,湖南省,永州市,华莱士
68496508,新疆维吾尔自治区,阿勒泰地区,华莱士(解放东路)
68499086,江西省,抚州市,华莱士(日峰路)
6850687,湖北省,黄冈市,华莱士(武穴一店)
68508035,四川省,成都市,华莱士(团结店)
68562349,黑龙江省,大庆市,华莱士(大庆火车站店)
68879509,安徽省,滁州市,华莱士
68934247,上海市,嘉定区,华莱士(曹安店)
68948110,浙江省,嘉兴市,华莱士(嘉善店)
68961587,江苏省,泰州市,华莱士(骥阳路店)
68965673,广东省,惠州市,华莱士鸡肉卷
69027436,广东省,云浮市,华莱士
69074358,江苏省,苏州市,华莱士(迎春商业广场店)
69080141,广东省,东莞市,华莱士(南城周溪店)
69081820,浙江省,温州市,华莱士(塘下3店)
69091110,江苏省,常州市,华莱士炸鸡汉堡
69138128,重庆市,渝北区,华莱士(金岛店)
69138706,福建省,福州市,华莱士(农大店)
69138978,广东省,肇庆市,华莱士
69156012,浙江省,杭州市,华莱士炸鸡汉堡(高沙物美店)
69177735,云南省,昆明市,华莱士(宜良店)
69211820,广东省,广州市,华莱士
69224962,江苏省,常州市,华莱士(建东大学店)
69237697,广东省,肇庆市,华莱士(蚬岗店)
69240383,广东省,汕头市,华莱士
69276945,广西壮族自治区,贺州市,华莱士(新北店)
69277167,广东省,梅州市,华莱士(人民广场店)
69277438,广东省,汕尾市,华莱士(海丰二环店)
69291410,广东省,韶关市,华莱士(马坝江畔店)
69304744,安徽省,合肥市,华莱士(华阳店)
69319384,广西壮族自治区,北海市,华莱士(靖安店)
69329015,重庆市,璧山区,华莱士(丁家店)
69335785,上海市,松江区,华莱士(九亭三店)
69349341,山东省,泰安市,华莱士汉堡店
69359790,浙江省,丽水市,华莱士汉堡店(缙云康宁妇儿医院东)
69402827,河南省,南阳市,华莱士(盛世店)
69407523,广东省,东莞市,华莱士(茶山南天百货)
69416386,广东省,深圳市,华莱士炸鸡汉堡(大浪元芬店)
69426555,海南省,琼中黎族苗族自治县,华莱士
69452373,广东省,广州市,华莱士
69464203,安徽省,合肥市,华莱士(颍河路店)
69482345,河北省,保定市,华莱士
69493635,广东省,中山市,华莱士(西区店)
69493827,福建省,泉州市,华莱士(38南安店)
69498601,广东省,汕头市,华莱士(龙港店)
69500487,广东省,惠州市,华莱士(南坛店)
69528540,广东省,珠海市,华莱士(横琴店)
69531432,河南省,漯河市,华莱士(东外滩餐厅)
69531953,安徽省,马鞍山市,华莱士(雨山店)
69592411,安徽省,宣城市,华莱士(泾川大道店)
69616222,江西省,九江市,华莱士(九江学院联盛店)
69617583,吉林省,白山市,华莱士(白山店)
69624169,广西壮族自治区,来宾市,华莱士(中南餐厅)
69640215,福建省,泉州市,华莱士(71清濛店)
69643820,广东省,佛山市,华莱士(东乐店)
69655960,广西壮族自治区,贺州市,华莱士(昭平店)
69656632,福建省,福州市,华莱士(香山店)
69659244,广东省,广州市,华莱士(广州同和店)
69682866,广东省,东莞市,华莱士(东城下桥地铁口店)
69688422,广东省,韶关市,华莱士(沙洲尾店)
69690054,浙江省,宁波市,华莱士
69695395,广东省,深圳市,华莱士炸鸡汉堡(大浪新围店)
69705471,浙江省,嘉兴市,华莱士(海宁海昌店)
69718005,重庆市,巴南区,华莱士(花溪半岛店)
69725222,重庆市,渝中区,华莱士
69752661,江西省,上饶市,华莱士炸鸡汉堡
69772190,湖北省,武汉市,华莱士(三秀路店)
69797182,江苏省,苏州市,华莱士(枫景路店)
69815926,湖北省,武汉市,华莱士(航海店)
69838788,河北省,石家庄市,华莱士众美店
69855129,安徽省,淮南市,华莱士(二店)
69883826,上海市,青浦区,华莱士(朱家角店)
69891455,湖北省,武汉市,华莱士(盘龙城中百店)
69937777,河北省,张家口市,华莱士(古宏大街店)
69948756,广东省,汕头市,华莱士(凤新店)
69963333,云南省,楚雄彝族自治州,华莱士(楚雄兆顺店)
70001357,江苏省,南京市,华莱士(金科店)
70109643,广东省,揭阳市,华莱士(揭阳东湖店)
70138676,吉林省,吉林市,华莱士炸鸡汉堡(东北电力店)
70214301,浙江省,台州市,华莱士(桃渚店)
70280075,黑龙江省,大庆市,华莱士
71005179,广东省,广州市,华莱士(竹料店)
71007166,广东省,湛江市,华莱士(麻志店)
71388309,广西壮族自治区,南宁市,华莱士(洪德店)
71388562,广西壮族自治区,北海市,华莱士(南康店)
72334193,甘肃省,临夏回族自治州,华莱士(临夏刘家峡店)
72357561,吉林省,白山市,华莱士(建设店)
72469950,福建省,福州市,华莱士(前屿东路店)
72471661,广东省,湛江市,华莱士(雷州世贸店)
73387486,江西省,宜春市,华莱士(丰城雷焕店)
73388381,江苏省,无锡市,华莱士(龙池店)
73394818,湖北省,武汉市,华莱士(天顺园店)
73396955,广东省,中山市,华莱士(一中朗晴轩店)
73557542,福建省,福州市,华莱士(罗源闽源店)
73585382,广东省,惠州市,华莱士(黄埠天天乐店)
73586813,陕西省,西安市,华莱士(扬善店)
74461449,广东省,广州市,华莱士(岑村店)
74536551,广东省,广州市,华莱士(新塘夏埔店)
74592438,山西省,长治市,华莱士(天空之城店)
74609324,山东省,烟台市,华莱士(福山实验中学店)
74617923,湖南省,衡阳市,华莱士
75671249,江西省,新余市,华莱士(人民医院店)
75697005,辽宁省,朝阳市,华莱士(凌源新客运站店)
76079064,重庆市,巴南区,华莱士(都汇里)
76079080,重庆市,涪陵区,华莱士(涪陵黎明)
76085066,安徽省,蚌埠市,华莱士(蚌埠大学城店)
76415038,湖北省,黄冈市,华莱士(黄商东方名都店)
76415418,湖北省,鄂州市,华莱士(葛店中百店)
76658727,湖北省,武汉市,华莱士(中南民大店)
76658882,湖北省,武汉市,华莱士(西马路店)
76720099,上海市,松江区,华莱士炸鸡汉堡
76736024,广东省,深圳市,华莱士炸鸡汉堡(新安兴华店)
76739680,湖南省,长沙市,华莱士(凤凰城店)
76751467,湖南省,娄底市,华莱士(涟源店)
76759397,重庆市,南岸区,华莱士(南坪南路店)
76761615,广东省,东莞市,华莱士(东城怡丰店)
76765372,安徽省,滁州市,华莱士(同心路店)
76821992,四川省,德阳市,华莱士
76825530,广东省,深圳市,华莱士
76825673,广东省,湛江市,华莱士
76830246,四川省,成都市,华莱士炸鸡汉堡(双楠餐厅)
76832535,河南省,南阳市,华莱士(新野店)
76843302,海南省,海口市,华莱士(万达店)
66776527,陕西省,宝鸡市,华莱士(凤翔店)
66804212,广东省,潮州市,华莱士
66807819,湖北省,武汉市,华莱士(佳园城建店)
66826208,安徽省,淮南市,华莱士(凤台店)
66842217,湖北省,潜江市,华莱士(富迪店)
66845113,内蒙古自治区,呼和浩特市,华莱士炸鸡汉堡(内大店)
66850755,广东省,佛山市,华莱士(同福店)
66889498,四川省,眉山市,华莱士炸鸡汉堡(青神北街店)
66895946,江苏省,无锡市,华莱士
66899366,广西壮族自治区,玉林市,华莱士(城西店)
66901275,江西省,上饶市,华莱士
66916323,安徽省,安庆市,华莱士(潜山店)
66924768,河南省,信阳市,华莱士(罗山店)
66934559,福建省,厦门市,华莱士(后埔店)
66950791,广东省,广州市,华莱士
66953613,广东省,清远市,华莱士
66962514,江苏省,徐州市,华莱士(戏马台店)
66981259,广东省,惠州市,华莱士
66993297,湖北省,仙桃市,华莱士炸鸡汉堡
67027271,湖南省,衡阳市,华莱士(常宁群英路店)
67040507,四川省,成都市,华莱士
67075827,辽宁省,铁岭市,华莱士(昌图店)
67090098,重庆市,渝中区,华莱士(临江门店)
67107170,四川省,泸州市,华莱士
67109229,广东省,韶关市,华莱士(中华园店)
67118964,山西省,长治市,华莱士(长治县店)
67155851,山西省,长治市,华莱士
67163341,四川省,成都市,华莱士(平福路店)
67169692,辽宁省,沈阳市,华莱士安徽亳州一分买手扒鸡
67175659,海南省,儋州市,华莱士(人民大道店)
67187460,海南省,儋州市,华莱士
67187641,海南省,三亚市,华莱士(南田NO.48店)
67189148,江西省,上饶市,华莱士
67190603,黑龙江省,哈尔滨市,华莱士
67236004,内蒙古自治区,鄂尔多斯市,华莱士(潞城店)
67257393,海南省,万宁市,华莱士
67280613,广西壮族自治区,玉林市,华莱士
67291500,河南省,洛阳市,华莱士
67295369,广东省,佛山市,华莱士
67332361,广东省,深圳市,华莱士炸鸡汉堡(兴裕路店)
67346210,四川省,成都市,华莱士炸鸡汉堡(营康路店)
67378510,广东省,阳江市,华莱士炸鸡汉堡(新东门店)
67382769,河北省,唐山市,华莱士炸鸡汉堡
67390956,广东省,广州市,华莱士
67401660,辽宁省,锦州市,华莱士
67414183,山东省,临沂市,华莱士炸鸡汉堡(汽车站店)
67423044,广东省,汕尾市,华莱士(陆丰东海店)
67436116,福建省,泉州市,华莱士西门餐厅
67445762,河南省,周口市,华莱士 项城
67463529,湖南省,衡阳市,华莱士
67488510,湖北省,武汉市,华莱士(华威超市店)
67498903,山东省,济宁市,华莱士
67499106,广东省,珠海市,华莱士(昌业店)
67518302,山西省,忻州市,华莱士(河曲店)
67541911,湖北省,武汉市,华莱士(泾河店)
67542950,辽宁省,营口市,华莱士炸鸡汉堡(客运站店)
67558835,广东省,汕头市,华莱士(翔丰店)
67561005,广东省,汕头市,华莱士(莱美店)
67569784,广东省,汕头市,华莱士(溪北店)
67571699,广东省,汕头市,华莱士
67575291,山东省,莱芜市,华莱士炸鸡汉堡(莱钢友谊)
67575319,福建省,泉州市,华莱士(79南安丰州店)
67575556,江苏省,苏州市,华莱士(甪直2店)
67579579,山东省,滨州市,华莱士炸鸡汉堡(惠民世纪花园)
67584884,湖北省,黄冈市,华莱士(蕲春黄商店)
67586505,重庆市,彭水苗族土家族自治县,华莱士(彭水商贸店)
67589711,湖南省,益阳市,华莱士(万联易购店)
67625219,上海市,松江区,华莱士(涞寅路店)
67628835,广东省,广州市,华莱士
67671074,河南省,商丘市,华莱士(新师范店)
67681509,陕西省,渭南市,华莱士(华山店)
67681703,陕西省,西安市,华莱士(科技路店)
67681778,陕西省,渭南市,华莱士(黄河大街店)
67685217,安徽省,合肥市,华莱士(上派路店)
67693459,江苏省,苏州市,华莱士(郭巷二店)
67702737,江苏省,苏州市,华莱士(友谊路店)
67722021,浙江省,金华市,华莱士(中山南路店)
67722343,浙江省,金华市,华莱士(廿三里店)
67723305,吉林省,长春市,华莱士(红旗街店)
67728371,福建省,福州市,华莱士(钱隆城店)
67759907,江西省,抚州市,华莱士(凯升店)
67773901,安徽省,合肥市,华莱士(吴敬梓店)
67785349,河南省,商丘市,华莱士(平台店)
67814215,四川省,南充市,华莱士
67836003,吉林省,长春市,华莱士(东岭南街店)
67877072,安徽省,亳州市,华莱士(向阳元力广场店)
67902002,内蒙古自治区,呼和浩特市,华莱士炸鸡汉堡(光彩三源店)
67914620,广东省,广州市,华莱士(海珠新村店)
67929048,广东省,广州市,华莱士(杨屋店)
67934174,上海市,松江区,华莱士(长桥店)
67935163,江西省,宜春市,华莱士(莲花店)
67937333,海南省,海口市,华莱士(兴丹路NO51店)
67950498,福建省,福州市,华莱士(福清江阴店)
67984910,四川省,泸州市,华莱士(纳溪店)
68045525,辽宁省,盘锦市,华莱士(四百店)
68046410,山东省,枣庄市,华莱士(舜天国际店)
68050102,湖北省,武汉市,华莱士
68065122,山东省,滨州市,华莱士
68065688,浙江省,温州市,华莱士(潘桥店)
68066879,广东省,广州市,华莱士
68077703,重庆市,九龙坡区,华莱士(金科小镇店)
68077710,重庆市,南岸区,华莱士(城南家园店)
68109504,河南省,郑州市,华莱士(巩义建设路店)
68119843,四川省,成都市,华莱士快餐汉堡
68164331,上海市,奉贤区,华莱士(理工店)
68164332,广东省,梅州市,华莱士(五华华城店)
68166325,河南省,开封市,华莱士汉堡炸鸡(中山店)
68180091,河南省,郑州市,华莱士(金水万达店)
68204264,福建省,泉州市,华莱士(123同心店)
68204271,福建省,泉州市,华莱士(洪濑店)
68204274,福建省,泉州市,华莱士(122螺城店)
68208529,江苏省,无锡市,华莱士(五爱北路店)
68214820,上海市,金山区,华莱士(朱泾店)
68222558,湖北省,武汉市,华莱士(大花岭8090街店)
68230543,湖北省,武汉市,华莱士·炸鸡汉堡(政院小区店)
68242191,广东省,湛江市,华莱士
68243492,浙江省,绍兴市,华莱士(新昌世贸店)
68256217,山东省,泰安市,华莱士
6825651,江苏省,无锡市,华莱士(东湖塘店)
68300318,新疆维吾尔自治区,阿勒泰地区,华莱士
68388730,江西省,赣州市,华莱士
68528757,福建省,泉州市,华莱士(01泉州浮桥店)
6857291,四川省,成都市,华莱士(电子路餐厅)
6858511,福建省,三明市,华莱士(文山路店)
68591416,山东省,临沂市,华莱士(临东线)
68614334,湖北省,黄冈市,华莱士学堂路店
68695793,四川省,广安市,华莱士(学府店)
68700636,广东省,深圳市,华莱士
68818199,新疆维吾尔自治区,伊犁哈萨克自治州,华莱士
68881364,江苏省,泰州市,华莱士(江阳农贸市场)
76844140,广东省,东莞市,华莱士(大岭山连平店)
76878045,湖北省,襄阳市,华莱士
76899855,广东省,惠州市,华莱士(水口湖滨店)
76924130,上海市,浦东新区,华莱士(南祝店)
76929780,安徽省,滁州市,华莱士(江海新城店)
76929786,安徽省,滁州市,华莱士(国美店)
76949986,广东省,江门市,华莱士(罗坑店)
76977518,江西省,上饶市,华莱士炸鸡汉堡(万昌店)
76987524,广东省,东莞市,华莱士(茶山增埗卢屋茶园店)
76992122,湖北省,宜昌市,华莱士炸鸡汉堡店(土门店)
76996454,河北省,邯郸市,华莱士(河北广平店)
77002543,山东省,临沂市,华莱士(建设路)
77129796,湖北省,十堰市,华莱士汉堡店(沙陀营路店)
77221463,海南省,三亚市,华莱士(解放二店)
77271618,贵州省,黔东南苗族侗族自治州,华莱士(黄平店)
77289911,吉林省,长春市,华莱士(新天地店)
77311577,浙江省,台州市,华莱士(平桥店)
77335254,上海市,普陀区,华莱士(佰士店)
77443077,湖北省,武汉市,华莱士(汉口火车站二店)
77456366,福建省,福州市,华莱士(三中店)
77461075,安徽省,六安市,华莱士(衡山店)
77466163,贵州省,黔东南苗族侗族自治州,华莱士(施秉店)
77468146,陕西省,铜川市,华莱士(九州店)
77477541,四川省,眉山市,华莱士炸鸡汉堡(富加镇餐厅)
77481082,黑龙江省,哈尔滨市,华莱士(胜利店)
77481084,黑龙江省,哈尔滨市,华莱士(延福店)
77481563,广东省,湛江市,华莱士(白沙店)
77504272,江西省,赣州市,华莱士
77662941,河北省,秦皇岛市,华莱士
77685023,安徽省,阜阳市,华莱士(淮河店)
77720067,湖北省,仙桃市,华莱士汉堡店(杨林路)
77824064,福建省,漳州市,华莱士(诗浦路店)
79214819,吉林省,吉林市,华莱士(万龙店)
79215236,四川省,宜宾市,华莱士(沁园小区店)
79231428,上海市,金山区,华莱士(金山蒙山店)
79257278,辽宁省,大连市,华莱士炸鸡汉堡店(金州步行街店)
79258970,福建省,福州市,华莱士(双协店)
79328016,山东省,泰安市,华莱士
79423669,福建省,漳州市,华莱士(平和车站店)
79424904,广东省,广州市,华莱士(阳光店)
79428135,山东省,临沂市,华莱士(三路店)
79452798,广东省,深圳市,华莱士(百易店)
79602315,浙江省,嘉兴市,华莱士(嘉兴余新店)
79614922,贵州省,遵义市,华莱士(红花店)
79673051,江西省,上饶市,华莱士(粮贸大厦店)
79673475,四川省,遂宁市,华莱士(子昂店)
79677497,福建省,泉州市,华莱士(143新华店)
79677656,福建省,泉州市,华莱士(147东岭万道店)
79682493,浙江省,金华市,华莱士(傅村店)
79722386,四川省,绵阳市,华莱士
7996184,陕西省,西安市,华莱士快餐(长里村店)
79971020,山西省,晋中市,华莱士(春蕾路)
8002391,湖南省,怀化市,华莱士(怀化城北店)
8019841,河南省,洛阳市,华莱士
8039677,浙江省,温州市,华莱士(梧慈路店)
8040912,天津市,红桥区,华莱士(芥园道店)
80525451,江苏省,苏州市,华莱士(东桥店)
8065766,浙江省,台州市,华莱士炸鸡汉堡(杜桥店)
80950438,四川省,成都市,华莱士(永安店)
8133834,广东省,湛江市,华莱士(新华店)
8187380,广东省,中山市,华莱士(孙文中路店)
83060671,湖北省,武汉市,华莱士(东湖庭园店)
83081602,江苏省,南京市,华莱士(东山步行街店)
83434480,江西省,宜春市,华莱士(曲江店)
83435062,山东省,济宁市,华莱士(万达店)
83457793,湖北省,武汉市,华莱士(豹澥店)
83487694,甘肃省,兰州市,华莱士(张苏滩店)
83593523,江西省,宜春市,华莱士(洛市店)
83616246,湖北省,武汉市,华莱士(堤角公园店)
8658413,广东省,惠州市,华莱士(下角店)
8709370,广东省,广州市,华莱士(东圃店)
8723197,浙江省,宁波市,华莱士(奉化中山店)
8728361,江苏省,常州市,华莱士(邹区店)
8728435,江苏省,常州市,华莱士(横林店)
8767624,上海市,金山区,华莱士(金山卫店)
8830457,四川省,泸州市,华莱士(泸州店)
8836189,河北省,张家口市,华莱士(财神庙店)
8844054,浙江省,温州市,华莱士(马站校前路店)
8849543,江苏省,泰州市,华莱士(东大街店)
8866485,安徽省,滁州市,华莱士(来安店)
8874482,广东省,潮州市,华莱士(彩塘店)
8906669,湖北省,荆州市,华莱士炸鸡汉堡(豉湖路店)
8913306,河南省,洛阳市,华莱士(润峰广场店)
8913703,浙江省,温州市,华莱士(桥头店)
8923817,广东省,东莞市,华莱士炸鸡汉堡(厚街汀山店)
8935385,江苏省,无锡市,华莱士(硕放华联店)
8935609,江苏省,无锡市,华莱士(渔港店)
8983030,山东省,潍坊市,华莱士(缤纷五洲店)
90055282,湖北省,武汉市,华莱士(现代企业城店)
90294530,北京市,通州区,华莱士(八里桥店)
90294715,北京市,西城区,华莱士(西客站店)
90294728,北京市,西城区,华莱士(马甸桥店)
9034797,山东省,青岛市,华莱士(利群店)
90374749,广东省,广州市,华莱士(石牌店)
90380520,福建省,厦门市,华莱士(大唐世家店)
90399341,四川省,成都市,华莱士(来凤路店)
90487885,广东省,湛江市,华莱士(吴阳店)
90489018,广东省,广州市,华莱士(长洲店)
90496100,湖北省,武汉市,华莱士(光谷709所店)
90508772,江西省,南昌市,华莱士(朝阳万达店)
90525242,江苏省,苏州市,华莱士(唯亭店)
90544136,江西省,吉安市,华莱士
9054695,广东省,广州市,华莱士(市桥店)
9056126,湖南省,岳阳市,华莱士(岳阳楼店)
90563115,湖北省,武汉市,华莱士(蔡甸奓山店)
9064156,湖北省,武汉市,华莱士(湖北大学店)
9065527,广东省,广州市,华莱士(太和店)
9065766,广东省,广州市,华莱士(亭南路店)
9066999,江苏省,扬州市,华莱士(万年北路店)
9087421,贵州省,贵阳市,华莱士(花溪店)
9089518,河北省,石家庄市,华莱士
9094734,江苏省,扬州市,华莱士(秋雨东路店)
91041005,江西省,赣州市,华莱士(郁孤台店)
91077921,吉林省,延边朝鲜族自治州,华莱士汉堡店(文化店)
91080930,四川省,巴中市,华莱士(六小店)
9108526,福建省,福州市,华莱士(福兴店)
9109574,福建省,福州市,华莱士(浦上店)
9157507,江西省,南昌市,华莱士(艾湖村店)
9157750,江西省,南昌市,华莱士(绳金塔街店)
9158265,江苏省,苏州市,华莱士(北门店)
9162561,江苏省,苏州市,华莱士(盛泽二店)
9162609,江西省,南昌市,华莱士(昌东店)
9164065,江西省,南昌市,华莱士炸鸡汉堡(青山南路店)
91680368,上海市,静安区,华莱士(芷江店)
9184613,福建省,厦门市,华莱士(新店店)
91881916,四川省,成都市,华莱士炸鸡汉堡(新都龙桥餐厅)
91895247,重庆市,南岸区,华莱士(巨城龙湾店)
80178534,江西省,南昌市,华莱士
8039924,江苏省,扬州市,华莱士(顾庄店)
8052282,福建省,泉州市,华莱士(34惠安店)
80623979,江西省,宜春市,华莱士(丰矿店)
8068992,江西省,上饶市,华莱士(德兴店)
81002512,山东省,济南市,华莱士
8187339,广东省,中山市,华莱士(三乡店)
8187354,广东省,中山市,华莱士(沙溪达德路店)
8187396,广东省,珠海市,华莱士(坦洲14村店)
82687043,山东省,济南市,华莱士
83207005,江西省,赣州市,华莱士(紫荆花园店)
83484955,湖北省,武汉市,华莱士(六渡桥店)
83509378,上海市,长宁区,华莱士(长宁店)
83512686,上海市,杨浦区,华莱士(长阳店)
8410357,江苏省,镇江市,华莱士(丹金路店)
8437304,安徽省,合肥市,华莱士(巢湖北路店)
8660941,广东省,惠州市,华莱士(小金口店)
8663030,广东省,潮州市,华莱士(新桥西店)
8664779,广东省,惠州市,华莱士(惠东吉隆2店)
8689231,江苏省,无锡市,华莱士(天鹤路店)
8699497,湖南省,长沙市,华莱士(望城店)
8708191,江苏省,泰州市,华莱士(金港南路店)
8715483,广东省,广州市,华莱士(花山店)
8719699,江西省,南昌市,华莱士(新建二中店)
8721511,广东省,佛山市,华莱士(里广路店)
8721550,山东省,滨州市,华莱士(惠民店)
8728401,江苏省,常州市,华莱士(光华店)
8728448,江苏省,常州市,华莱士(百丈店)
8780613,河北省,张家口市,华莱士(人民公园店)
8828301,内蒙古自治区,鄂尔多斯市,华莱士(兴达花园店)
8856731,福建省,漳州市,华莱士(元光南路店)
8861903,湖北省,十堰市,华莱士(红卫店)
8862222,上海市,闵行区,华莱士(北桥店)
8887706,陕西省,安康市,华莱士炸鸡汉堡店(中渡店)
8889716,四川省,广安市,华莱士(文化路店)
8912808,贵州省,黔南布依族苗族自治州,华莱士(龙里店)
8925113,广西壮族自治区,玉林市,华莱士(文津店)
8943644,湖北省,武汉市,华莱士(珞瑜路店)
8970732,广东省,广州市,华莱士(鹭江店)
90042345,重庆市,渝中区,华莱士(民族店)
90089926,上海市,金山区,华莱士(红星美凯龙DT餐厅)
9020456,北京市,大兴区,华莱士(邢各庄店)
90284599,江苏省,南京市,华莱士(淮海路店)
90294673,北京市,海淀区,华莱士(白塔庵店)
9047749,广东省,广州市,华莱士(花都福桥店)
9050279,湖北省,武汉市,华莱士(吴家山东吴店)
90513387,山东省,济南市,华莱士(趵突泉店)
9051598,广东省,广州市,华莱士(荔城店)
90516772,湖北省,武汉市,华莱士炸鸡汉堡
9055479,广东省,广州市,华莱士(广州东平店)
9058992,广东省,广州市,华莱士(建设店)
90595558,重庆市,长寿区,华莱士(长寿晏家)
9059864,湖北省,武汉市,华莱士(大花岭店)
9060629,湖北省,武汉市,华莱士(大街店)
9064154,湖北省,武汉市,华莱士(珞珈学院店)
9083135,江苏省,扬州市,华莱士(世纪园店)
9088030,河北省,石家庄市,华莱士(建华北大街店)
9088921,江苏省,扬州市,华莱士炸鸡汉堡(西湖双塘店)
90912019,北京市,房山区,华莱士(良乡店)
90954023,黑龙江省,绥化市,华莱士汉堡
90957381,浙江省,杭州市,华莱士(东湖北路店)
9104724,河南省,郑州市,华莱士(索凌路店)
91062545,海南省,海口市,华莱士(朱云路店)
9120433,福建省,福州市,华莱士(丹凤店)
9141331,河南省,郑州市,华莱士炸鸡汉堡(银基餐厅店)
9154774,江西省,南昌市,华莱士(桃苑中路店)
9157941,天津市,宝坻区,华莱士(宝坻店)
91596269,重庆市,垫江县,华莱士(垫江二店)
91632141,广东省,深圳市,华莱士(布吉龙珠店)
9164435,江西省,南昌市,华莱士(南莲路店)
9172095,江西省,南昌市,华莱士(三店西路店)
9174042,江西省,南昌市,华莱士(机电店)
9177486,江苏省,苏州市,华莱士(樾河南路店)
91850430,江苏省,苏州市,华莱士(暨阳中路店)
91897993,湖北省,武汉市,华莱士(静安路店)
9200394,福建省,厦门市,华莱士(沧裕路店)
9201891,浙江省,杭州市,华莱士(新登店)
9203099,重庆市,沙坪坝区,华莱士(陈家桥店)
9205991,重庆市,梁平区,华莱士(梁平三峡风店)
9212875,重庆市,渝北区,华莱士(人和店)
9213043,陕西省,西安市,华莱士(鱼化寨店)
92159138,广东省,深圳市,华莱士
9218790,重庆市,渝北区,华莱士(龙溪店)
9230017,安徽省,合肥市,华莱士(安大新区店)
9230337,广东省,深圳市,华莱士(布吉莲花店)
9232394,浙江省,宁波市,华莱士(桃源南路店)
92352158,黑龙江省,哈尔滨市,华莱士
9249403,重庆市,沙坪坝区,华莱士(陈家湾店)
9251121,广东省,珠海市,华莱士(紫荆店)
9284837,贵州省,贵阳市,华莱士(新华路店)
9299043,广东省,佛山市,华莱士(文华店)
9304707,广东省,东莞市,华莱士(长安乌沙海逸店)
9343374,浙江省,台州市,华莱士(坎门店)
9347883,广东省,梅州市,华莱士(金利来店)
9349207,福建省,三明市,华莱士(永安燕江店)
9349500,广东省,揭阳市,华莱士(揭阳进贤门店)
9358310,浙江省,台州市,华莱士(路桥金清店)
9369920,湖北省,荆州市,华莱士
9374915,湖北省,荆州市,华莱士炸鸡汉堡(绿苑星城店)
9377507,湖北省,荆州市,华莱士炸鸡汉堡
9382469,湖北省,荆门市,华莱士(十里牌店)
9387536,福建省,莆田市,华莱士(兴安店)
9388126,河北省,保定市,华莱士(白沟店)
9390809,福建省,莆田市,华莱士(江口店)
9409894,广西壮族自治区,玉林市,华莱士(福绵汇通餐厅店)
9450265,广东省,中山市,华莱士(中山黄圃店)
9457819,浙江省,温州市,华莱士(梧田店)
9463633,福建省,宁德市,华莱士(中山中路店)
9470864,福建省,宁德市,华莱士(北站店)
9488708,广东省,江门市,华莱士(水口店)
9492060,广东省,江门市,华莱士(恩平恩城店)
9495354,安徽省,蚌埠市,华莱士(工农路店)
9498426,浙江省,温州市,华莱士(五街店)
9498957,浙江省,温州市,华莱士(桥下店)
9504982,浙江省,温州市,华莱士(雅河一店)
9511402,浙江省,温州市,华莱士(水头2店)
9528197,陕西省,渭南市,华莱士(富平店)
9593712,湖北省,宜昌市,华莱士
9597278,甘肃省,兰州市,华莱士(安宁店)
9597976,江西省,景德镇市,华莱士
9600991,福建省,泉州市,华莱士(61永春蓬壶店)
9610064,福建省,泉州市,华莱士(16晋江金井店)
9617076,广东省,韶关市,华莱士(解放路店)
9620070,浙江省,丽水市,华莱士(中东路店)
9620229,江西省,宜春市,华莱士(奉新店)
9620329,江西省,宜春市,华莱士(府桥店)
9622198,浙江省,丽水市,华莱士(景宁店)
9623987,福建省,泉州市,华莱士(36泉州中山店)
91925779,浙江省,温州市,华莱士
9194885,广东省,东莞市,华莱士(万江石美店)
91963450,重庆市,南岸区,华莱士(弹子石)
91967069,重庆市,大渡口区,华莱士(半岛逸景店)
91968153,重庆市,九龙坡区,华莱士(兰花小区)
91973626,上海市,奉贤区,华莱士(海湾店)
91997193,江苏省,苏州市,华莱士(金科廊桥店)
92041993,江苏省,苏州市,华莱士(山水华庭店)
92047765,浙江省,嘉兴市,华莱士
9204834,福建省,厦门市,华莱士(华昌店)
9212523,四川省,成都市,华莱士(川师东校区餐厅)
9213138,广东省,深圳市,华莱士(梦丽园店)
9219743,广东省,深圳市,华莱士炸鸡汉堡(大浪南路店)
92282285,江苏省,南京市,华莱士(长白街店)
92287751,浙江省,杭州市,华莱士炸鸡汉堡
9229330,广东省,深圳市,华莱士炸鸡汉堡(松岗红星店)
9234095,浙江省,杭州市,华莱士(西园路店)
92351211,重庆市,沙坪坝区,华莱士(新桥店)
9235802,陕西省,西安市,华莱士(泾渭新区店)
9239991,辽宁省,沈阳市,华莱士(新民店)
9242550,广东省,珠海市,华莱士(翠微西店)
9250806,浙江省,宁波市,华莱士(石泉路店)
9257768,山东省,青岛市,华莱士(徐州路店)
9267881,四川省,成都市,华莱士(石人西路店)
9273559,四川省,成都市,华莱士(簇桥镇店)
9286267,广东省,东莞市,华莱士(东坑文阁店)
9289587,贵州省,贵阳市,华莱士(长江路店)
9295012,广东省,佛山市,华莱士(汾江北店)
9296130,广东省,佛山市,华莱士(华口店)
9301262,福建省,厦门市,华莱士(殿二店)
9306968,广东省,佛山市,华莱士(桂城店)
9334545,山东省,烟台市,华莱士
9337935,福建省,三明市,华莱士(崇荣餐厅)
9354353,广东省,揭阳市,华莱士(城1店)
9355437,广东省,茂名市,华莱士(花园店)
9361918,福建省,三明市,华莱士(中环世纪广场店)
9362238,广东省,揭阳市,华莱士(磐东店)
9363529,浙江省,台州市,华莱士(经中路店)
9369220,浙江省,台州市,华莱士(洪家店)
9373881,福建省,三明市,华莱士(大田凤翔店)
9377763,湖北省,荆州市,华莱士
9382648,湖北省,荆门市,华莱士
9386602,福建省,莆田市,华莱士(石庭店)
9387908,福建省,莆田市,华莱士(赤溪路店)
9391603,福建省,莆田市,华莱士(镇海店)
9445976,广东省,清远市,华莱士(小市店)
9458455,浙江省,温州市,华莱士(莲池路店)
9460859,广东省,汕头市,华莱士(金叶店)
9461562,浙江省,温州市,华莱士(港河路)
9472048,广东省,汕尾市,华莱士(汕尾二马路店)
9478622,山西省,临汾市,华莱士炸鸡汉堡(火车站店)
9480628,福建省,宁德市,华莱士(蕉城店)
9486868,广东省,江门市,华莱士(新昌店)
9525038,山东省,临沂市,华莱士(育才路店)
9532905,湖北省,随州市,华莱士(广水广联店)
9538758,浙江省,湖州市,华莱士(长兴长海路店)
9544864,浙江省,湖州市,华莱士(胜利西路店)
9547182,浙江省,湖州市,华莱士(德清武康店)
9586233,福建省,泉州市,华莱士(56惠安洛阳店)
9587714,福建省,泉州市,华莱士(39泉州洛江店)
9593727,江西省,景德镇市,华莱士(景德镇珠山店)
9597441,甘肃省,兰州市,华莱士(和政东街店)
9598363,湖北省,咸宁市,华莱士(三国店)
9600200,甘肃省,兰州市,华莱士(和平店)
9613143,江西省,宜春市,华莱士(药都店)
9620541,福建省,泉州市,华莱士(11泉州中远店)
9626286,福建省,泉州市,华莱士(05晋江市标店)
9626448,浙江省,丽水市,华莱士(缙云店)
9628990,福建省,泉州市,华莱士(87洛江双阳祥光店)
9634959,福建省,泉州市,华莱士(104惠安崇武店)
9640035,浙江省,丽水市,华莱士(青田鹤城店)
9684549,辽宁省,朝阳市,华莱士(龙山店)
9697827,福建省,漳州市,华莱士
9715903,河南省,许昌市,华莱士(新华餐厅)
9721070,浙江省,金华市,华莱士(兰溪店)
9736990,浙江省,绍兴市,华莱士(新昌一店)
9738014,河北省,唐山市,华莱士
9742833,山东省,潍坊市,华莱士(西关大街店)
9750497,四川省,德阳市,华莱士(绵竹店)
9755296,江西省,赣州市,华莱士(桃江御景店)
9758482,湖南省,岳阳市,华莱士炸鸡汉堡(汨罗店)
9778162,浙江省,金华市,华莱士(稠州店)
9781743,四川省,绵阳市,华莱士(三台1店)
9789875,山东省,枣庄市,华莱士(三角花园店)
9796024,山东省,潍坊市,华莱士(北宫东街店)
9842321,山东省,聊城市,华莱士
9842719,广东省,云浮市,华莱士(人民南路店)
9844648,湖南省,株洲市,华莱士(新华东路店)
9869578,湖南省,常德市,华莱士(桃源店)
9887580,山东省,烟台市,华莱士旌旗路店(莱阳旌旗路店)
9902907,河南省,南阳市,华莱士(方城店)
9914644,江西省,抚州市,华莱士(田缘店)
9933077,山东省,淄博市,华莱士(大顺路店)
9942773,福建省,龙岩市,华莱士(一中店)
9997932,广东省,广州市,华莱士(钟落潭店)
9627339,安徽省,滁州市,华莱士(新河路店)
9634047,福建省,泉州市,华莱士(70惠安东园店)
9636452,四川省,眉山市,华莱士(商业街餐厅)
9691888,江苏省,泰州市,华莱士炸鸡汉堡(丰收路店)
9711148,福建省,漳州市,华莱士(14师院店)
9729544,山东省,潍坊市,华莱士(民生街店)
9729909,山东省,德州市,华莱士(夏津店)
9731583,山东省,德州市,华莱士(临邑全家乐店)
9752180,江西省,鹰潭市,华莱士(胜利东路店)
9753296,山东省,潍坊市,华莱士(四平路店)
9770023,浙江省,金华市,华莱士(浦江新华店)
9778375,湖北省,十堰市,华莱士(六堰店)
9778720,河南省,洛阳市,华莱士(纱厂餐厅)
9787597,湖北省,黄石市,华莱士(湖滨大道店)
9787730,湖北省,黄石市,华莱士(磁湖路店)
9790673,浙江省,金华市,华莱士汉堡(古山镇店)
9791794,山东省,枣庄市,华莱士(吉品街店)
9800795,江西省,赣州市,华莱士(瑞金店)
9803211,广西壮族自治区,柳州市,华莱士(火车站店)
9807136,山东省,济宁市,华莱士(平阳西路店)
9820652,辽宁省,铁岭市,华莱士(太平洋店)
9822603,湖北省,恩施土家族苗族自治州,华莱士(恩施中百店)
9843304,山东省,聊城市,华莱士(利民东路)
9862322,山东省,济宁市,华莱士(汶上店)
9923055,山东省,淄博市,华莱士(桑坡路店)
9928198,江苏省,镇江市,华莱士(松村店)
9930285,江苏省,镇江市,华莱士(三茅宫店)
9939793,山东省,淄博市,华莱士(新建一路店)
9942922,福建省,龙岩市,华莱士(莲东店)
9998808,广东省,广州市,华莱士(江高大田店)
5478610,山东省,烟台市,华莱士(钟楼西路店)
5534515,安徽省,滁州市,华莱士快餐店(全椒店)
5580873,江苏省,苏州市,华莱士(乐余店)
5616498,浙江省,温州市,华莱士(柳市店)
56711737,广东省,佛山市,华莱士(西樵店)
56739111,陕西省,延安市,华莱士(宜川县店)
56768951,福建省,福州市,华莱士(潭城店)
56786141,江西省,南昌市,华莱士(火车站店)
56787791,江西省,南昌市,华莱士(天健园店)
56814419,四川省,南充市,华莱士(金鱼岭店)
56818978,重庆市,大渡口区,华莱士(春晖店)
56838517,广东省,中山市,华莱士(兴隆店)
56890021,江西省,九江市,华莱士(前进路店)
56915000,广东省,肇庆市,华莱士(泰源店)
57052090,湖南省,怀化市,华莱士(锦溪北路店)
57076057,山东省,青岛市,华莱士
57161583,海南省,海口市,华莱士(华海餐厅NO15)
57167285,海南省,海口市,华莱士
57185880,广东省,汕头市,华莱士(莲下二店)
57187106,广东省,湛江市,华莱士·
57286443,广东省,茂名市,华莱士
57304093,广东省,深圳市,华莱士炸鸡汉堡(天宝店)
57335144,广东省,东莞市,华莱士
57380831,广西壮族自治区,梧州市,华莱士(蝶山店)
57383260,广东省,珠海市,华莱士(南门店)
57383333,河南省,洛阳市,华莱士
57394379,湖北省,仙桃市,华莱士(仙桃纽芬兰店)
57419807,贵州省,黔东南苗族侗族自治州,华莱士(振华店)
57505736,湖北省,黄冈市,华莱士(蕲州镇店)
57543817,河北省,沧州市,华莱士炸鸡汉堡
57576239,重庆市,九龙坡区,华莱士
57691090,广东省,佛山市,华莱士(乐从水藤店)
57757643,河南省,商丘市,华莱士(团结店)
57811995,广东省,茂名市,华莱士
57844960,云南省,玉溪市,华莱士炸鸡汉堡(凤凰路店)
57870854,江苏省,苏州市,华莱士(渭塘二店)
57963395,湖北省,黄石市,华莱士(花湖店)
57964097,安徽省,亳州市,华莱士
58005910,江西省,南昌市,华莱士(江西理工店)
58006878,吉林省,长春市,华莱士(幸福餐厅)
58186065,广东省,江门市,华莱士(义祠店)
58241271,湖北省,武汉市,华莱士(武昌火车站店)
58273926,浙江省,温州市,华莱士(白象二店)
58298358,广东省,潮州市,华莱士(奎元店)
58310677,广东省,惠州市,华莱士(淡水立交桥店)
58315069,广东省,汕头市,华莱士(汕尾香洲店)
58497464,福建省,龙岩市,华莱士(上杭店)
58521635,广东省,湛江市,华莱士炸鸡汉堡
5858098,广东省,广州市,华莱士(番禺石碁店)
58732521,山东省,济南市,华莱士(济阳创业街店)
58735431,广东省,东莞市,华莱士(望牛墩店)
58774269,广东省,东莞市,华莱士(东城万正店)
58969004,四川省,成都市,华莱士(万达店)
59025256,江西省,上饶市,华莱士(五三店)
59041699,广东省,广州市,华莱士
59062332,福建省,莆田市,华莱士(梧塘二店)
59112440,河北省,张家口市,华莱士(怀安店)
59122417,福建省,莆田市,华莱士(万嘉店)
59453524,湖南省,衡阳市,华莱士
59806509,湖北省,武汉市,华莱士(小东门店)
6011439,辽宁省,抚顺市,华莱士(生活广场店)
6019730,福建省,南平市,华莱士(安华广场店)
6056118,湖北省,宜昌市,华莱士炸鸡汉堡(秭归店)
6056119,湖北省,宜昌市,华莱士炸鸡汉堡(伍家岗店)
6076220,湖北省,武汉市,华莱士(江夏武商店)
6089061,天津市,宁河县,华莱士(芦台镇店)
6104393,江西省,南昌市,华莱士(船山路店)
61084622,湖南省,株洲市,华莱士(合泰东湖阳光店)
6119649,福建省,泉州市,华莱士(14晋江永和店)
6136697,陕西省,西安市,华莱士(三桥店)
6138146,天津市,津南区,华莱士(咸水沽店)
6138599,安徽省,亳州市,华莱士(涡阳店)
61520204,海南省,儋州市,华莱士(东坡NO.23店)
6178686,福建省,福州市,华莱士(培青路店)
6185193,福建省,厦门市,华莱士(安兜社店)
6197174,湖北省,武汉市,华莱士(劳动街店)
6238904,安徽省,安庆市,华莱士快餐店(华中西路店)
6240340,广东省,广州市,华莱士(大山店)
6241135,安徽省,合肥市,华莱士(南国花园店)
6248884,福建省,福州市,华莱士(冠亚店)
6248906,福建省,福州市,华莱士(龙城广场店)
62644718,河北省,邢台市,华莱士汉堡店
6271417,浙江省,宁波市,华莱士(新碶店)
62787411,江西省,九江市,华莱士汉堡店(交通路)
62999878,山东省,泰安市,华莱士
6306767,江苏省,苏州市,华莱士(胜浦店)
6306834,江苏省,苏州市,华莱士(黄埭店)
6409784,湖南省,长沙市,华莱士(中南大学二店)
6409843,湖南省,长沙市,华莱士(国防科大店)
64310918,湖北省,宜昌市,华莱士汉堡店
64313682,广西壮族自治区,河池市,华莱士
64327895,贵州省,安顺市,华莱士(紫云店)
6455610,浙江省,湖州市,华莱士(埭溪镇店)
64643424,贵州省,贵阳市,华莱士汉堡店(财经学院店)
65054880,贵州省,黔东南苗族侗族自治州,华莱士(丹寨店)
65196375,贵州省,黔南布依族苗族自治州,华莱士(三都店)
65331698,贵州省,黔东南苗族侗族自治州,华莱士(镇远店)
65409107,广东省,中山市,华莱士
65411258,广东省,广州市,华莱士
65420614,浙江省,嘉兴市,华莱士
65542831,安徽省,六安市,华莱士(梅河店)
65580303,海南省,海口市,华莱士
65581925,福建省,宁德市,华莱士(海口路店)
65597997,湖南省,株洲市,华莱士(渌口五中店)
65615695,江苏省,南通市,华莱士(万都广场店)
65626699,浙江省,台州市,华莱士(新河店)
65649329,山东省,威海市,华莱士炸鸡汉堡
65731971,江苏省,苏州市,华莱士(环庆路店)
65750803,安徽省,安庆市,华莱士(世纪缘店)
65862146,广东省,广州市,华莱士
65867626,江西省,九江市,华莱士(永修站前路店)
65932121,广东省,广州市,华莱士
65934623,辽宁省,沈阳市,华莱士
65942092,广东省,广州市,华莱士
65959147,广东省,韶关市,华莱士
65976192,广东省,深圳市,华莱士炸鸡汉堡
66032450,广东省,深圳市,华莱士炸鸡汉堡(爱联店)
66034653,广东省,珠海市,华莱士
66051699,广东省,深圳市,华莱士
66055003,广东省,广州市,华莱士
66057740,浙江省,台州市,华莱士
66059126,广东省,中山市,华莱士
66080675,广东省,佛山市,华莱士
66090836,广东省,广州市,华莱士
66094346,山西省,朔州市,华莱士
66123114,四川省,眉山市,华莱士
6612530,安徽省,安庆市,华莱士(法华店)
66135008,广东省,广州市,华莱士
66158974,辽宁省,沈阳市,华莱士(工业大学店)
66169528,浙江省,温州市,华莱士
66176098,广东省,广州市,华莱士
66177441,吉林省,四平市,华莱士炸鸡汉堡
68913591,湖北省,天门市,华莱士
68920340,辽宁省,辽阳市,华莱士(首山店)
68925892,福建省,泉州市,华莱士(41泉州浮桥店)
68942787,河北省,唐山市,华莱士(复兴)
68963587,安徽省,池州市,华莱士(池州大学城店)
68994168,广东省,阳江市,华莱士(春湾店)
68999563,湖北省,武汉市,华莱士(中南旗舰店)
69041713,江西省,赣州市,华莱士(华坚店)
69046470,辽宁省,沈阳市,华莱士(胜利店)
69075070,江西省,九江市,华莱士(南山公园店)
69083546,广东省,广州市,华莱士(新塘群贤店)
69099576,广东省,河源市,华莱士(长安街店)
69100841,四川省,成都市,华莱士(交院店)
69128670,重庆市,渝北区,华莱士(暨华中学店)
69138144,四川省,乐山市,华莱士炸鸡汉堡(峨眉山餐厅)
69138359,广西壮族自治区,桂林市,华莱士(临桂餐厅)
69150285,海南省,乐东黎族自治县,华莱士(黄流店)
69189623,吉林省,吉林市,华莱士(北华店)
69205325,广东省,肇庆市,华莱士(建设二路店)
69207250,海南省,三亚市,华莱士(海棠湾店)
69283120,广西壮族自治区,贺州市,华莱士(信都店)
69289977,上海市,浦东新区,华莱士(惠南二店)
69341213,广东省,佛山市,华莱士(里水益家园店)
69473777,上海市,松江区,华莱士(新南店)
69474603,湖北省,襄阳市,华莱士(百洋欧典店)
69477824,吉林省,长春市,华莱士(富苑店)
69483441,安徽省,阜阳市,华莱士(太和欢乐城店)
69493809,福建省,泉州市,华莱士(125美林店)
69498603,广东省,汕头市,华莱士(文祠店)
69498606,广东省,潮州市,华莱士(新丰店)
69619065,上海市,金山区,华莱士(万达店)
69619857,上海市,宝山区,华莱士(通河店)
69633957,河北省,邯郸市,华莱士
69637997,广东省,湛江市,华莱士(国贸店)
69643152,江苏省,常州市,华莱士(金坛一中)
69648298,安徽省,安庆市,华莱士(双井街店)
69673044,上海市,松江区,华莱士(九杜店)
69681017,上海市,嘉定区,华莱士(安亭店)
69687123,上海市,徐汇区,华莱士(古美店)
69700043,广东省,深圳市,华莱士炸鸡汉堡(福永下十围店)
69702599,福建省,南平市,华莱士(福航店)
69708012,河北省,张家口市,华莱士(玉带桥店)
69717202,上海市,闵行区,华莱士(龙吴路店)
69727214,江西省,九江市,华莱士(三里街店)
69745816,湖北省,宜昌市,华莱士炸鸡汉堡店(远安2店)
69772426,上海市,奉贤区,华莱士(南方店)
69774636,山东省,菏泽市,华莱士
69811880,四川省,成都市,华莱士(龙泉二店)
69845464,浙江省,宁波市,华莱士
69891596,河南省,驻马店市,华莱士(华联店)
69900785,广东省,广州市,华莱士(洛溪店)
69937508,福建省,厦门市,华莱士(高殿店)
69947042,广东省,广州市,华莱士(珠村店)
69951796,上海市,嘉定区,华莱士(江桥万达店)
69956998,上海市,浦东新区,华莱士(川沙店)
69958392,山东省,潍坊市,华莱士(长宁街店)
70068213,山西省,忻州市,华莱士(原平店)
70430047,广东省,广州市,华莱士
70436860,河南省,商丘市,华莱士(帝和店)
70439277,河南省,商丘市,华莱士(珠江店)
70655407,河北省,保定市,华莱士(高碑店2店)
70672178,广东省,佛山市,华莱士
70763553,河南省,郑州市,华莱士(汝河餐厅)
71007114,河南省,许昌市,华莱士(襄城首山店)
71487453,贵州省,黔南布依族苗族自治州,华莱士(瓮安店)
71835737,江苏省,苏州市,华莱士(星湖店)
72332015,山东省,东营市,华莱士炸鸡汉堡(青岛路店)
72335212,河北省,唐山市,华莱士炸鸡汉堡(朝阳道店)
72357187,广东省,深圳市,华莱士炸鸡汉堡(公明合水口店)
72446058,内蒙古自治区,呼和浩特市,华莱士炸鸡汉堡(呼市万达店)
72448997,广东省,中山市,华莱士(岚霞店)
72463316,福建省,福州市,华莱士(幸福城店)
72463755,四川省,成都市,华莱士
72482852,重庆市,合川区,华莱士(南屏广场店)
73388173,贵州省,毕节地区,华莱士(长弘店)
73388191,广东省,佛山市,华莱士(广佛店)
73414556,贵州省,黔南布依族苗族自治州,华莱士(马场坪店)
73508137,湖北省,襄阳市,华莱士(闸口店)
73606204,河南省,开封市,华莱士(高中店)
73657142,湖北省,孝感市,华莱士(西湖路店)
74023711,云南省,楚雄彝族自治州,华莱士(西站店)
74038634,上海市,浦东新区,华莱士(益江店)
74464036,广西壮族自治区,桂林市,华莱士(东升餐厅)
74555275,重庆市,南岸区,华莱士(国际社区)
74572695,广东省,广州市,华莱士
74596022,广东省,广州市,华莱士(中新店)
74604860,江西省,上饶市,华莱士(华润万家店)
74607193,上海市,嘉定区,华莱士(城中店)
74633288,江苏省,南京市,华莱士(春江店)
75093230,广东省,珠海市,华莱士(华平店)
75093727,广东省,韶关市,华莱士(丰城店)
75123575,贵州省,遵义市,华莱士(道真店)
75126123,广东省,惠州市,华莱士(惠州乌石店)
75127233,广东省,深圳市,华莱士(龙华龙屋店)
75132009,山西省,运城市,华莱士(河津店)
75155723,河南省,平顶山市,华莱士(朱兰店)
75157437,山东省,滨州市,华莱士
75251809,四川省,绵阳市,华莱士(五路口店)
75636299,福建省,厦门市,华莱士(明发商业广场店)
75692246,福建省,厦门市,华莱士(海沧新阳店)
75705182,福建省,漳州市,华莱士(龙池店)
76414964,湖北省,潜江市,华莱士(潜江浩口店)
76415318,湖北省,孝感市,华莱士(汉川福星店)
76508634,湖北省,武汉市,华莱士(左岭新城店)
76663715,重庆市,南岸区,华莱士(交大)
76671486,广东省,湛江市,华莱士(桥南店)
76673025,河北省,石家庄市,华莱士(新石店)
76678027,广东省,惠州市,华莱士(东江工业店)
76679555,江苏省,苏州市,华莱士(梅李2店)
76687880,广东省,中山市,华莱士(南祥店)
76718239,湖北省,襄阳市,华莱士(世纪广场店)
76735147,浙江省,嘉兴市,华莱士(禾兴南路店)
76738232,江苏省,南通市,华莱士(孩儿巷店)
76765845,吉林省,长春市,华莱士(安达街店)
76765896,河南省,安阳市,华莱士(中华店)
76814112,福建省,福州市,华莱士
76820732,江西省,宜春市,华莱士
76821758,浙江省,温州市,华莱士
76832527,河南省,新乡市,华莱士(长垣店)
76832541,河南省,平顶山市,华莱士
76843436,广西壮族自治区,桂林市,华莱士(联达店)
76843920,广东省,广州市,华莱士(石井大冈店)
76915096,四川省,成都市,华莱士炸鸡汉堡(新都状元街店)
76929762,安徽省,芜湖市,华莱士(世纪大道店店)
76930010,重庆市,渝北区,华莱士(安丽都店)
76940231,福建省,泉州市,华莱士(137万发店)
76952305,福建省,厦门市,华莱士(六中店)
76959442,重庆市,渝北区,华莱士(财信国际)
66180655,广西壮族自治区,玉林市,华莱士(毅德店)
66186692,浙江省,丽水市,华莱士(龙泉二店)
66202536,广东省,中山市,华莱士
66262232,湖北省,武汉市,华莱士
66274256,广东省,广州市,华莱士(太石店)
66275121,辽宁省,锦州市,华莱士(五中店)
66303257,山西省,长治市,华莱士(潞城店)
66312593,广东省,中山市,华莱士
66319561,广东省,东莞市,华莱士(东城涡岭店)
66331861,山东省,东营市,华莱士
66352176,广东省,肇庆市,华莱士
66371125,江西省,九江市,华莱士汉堡(西湖路店)
66377219,河南省,许昌市,华莱士炸鸡汉堡
66400416,广东省,珠海市,华莱士(狮山店)
66403927,浙江省,宁波市,华莱士(骆驼店)
66426749,山东省,淄博市,华莱士(大润发店)
66433133,江苏省,南通市,华莱士(学田路店)
66452734,山东省,淄博市,华莱士(代购店)
66487979,广东省,广州市,华莱士(嘉禾地铁店)
66522329,重庆市,渝北区,华莱士(民心佳园店)
66551683,陕西省,榆林市,华莱士(府谷店)
66555441,广东省,东莞市,华莱士(虎门赤岗店)
66555655,四川省,自贡市,华莱士(自贡店)
66555757,北京市,昌平区,华莱士(永旺店)
66558945,河南省,新乡市,华莱士手扒鸡(一分钱)
66589179,安徽省,合肥市,华莱士(元一名城店)
66602526,河北省,石家庄市,华莱士
66649116,山东省,菏泽市,华莱士炸鸡汉堡
66671042,广东省,潮州市,华莱士
66691880,重庆市,巴南区,华莱士
66706127,广东省,肇庆市,华莱士
66723730,重庆市,渝北区,华莱士
66724942,辽宁省,沈阳市,华莱士(新宁店)
66738602,重庆市,巴南区,华莱士
66746130,江苏省,镇江市,华莱士
66776649,陕西省,西安市,华莱士(汉城路店)
66799199,四川省,成都市,华莱士炸鸡汉堡(崇州外贸餐厅)
66799510,广东省,深圳市,华莱士炸鸡汉堡(吉华店)
66819661,广东省,肇庆市,华莱士
66823209,广东省,汕头市,华莱士
66840604,广东省,珠海市,华莱士
66845234,内蒙古自治区,呼和浩特市,华莱士炸鸡汉堡(鼓楼店)
66860372,广东省,河源市,华莱士(新城开发区店)
66862681,广东省,潮州市,华莱士
66864122,辽宁省,沈阳市,华莱士
66868303,湖北省,宜昌市,华莱士(珍珠路店)
66881710,广东省,深圳市,华莱士(平湖广场店)
66934974,河南省,商丘市,华莱士(高铁店)
66950535,广东省,广州市,华莱士
66958207,辽宁省,沈阳市,华莱士
66964127,广东省,汕头市,华莱士
66981606,广东省,深圳市,华莱士
66985117,安徽省,合肥市,华莱士(扶疏路店)
66985242,贵州省,六盘水市,华莱士(海鑫店)
67035748,重庆市,九龙坡区,华莱士
67065460,江西省,南昌市,华莱士(新进贤二店)
67086986,广东省,佛山市,华莱士(三水芦苞店)
67088765,湖北省,黄石市,华莱士炸鸡汉堡店
67093117,广东省,揭阳市,华莱士(道江店)
67097211,广东省,佛山市,华莱士(松岗)
67126437,广东省,广州市,华莱士
67138080,广东省,清远市,华莱士(明霞大道店)
67142461,山东省,淄博市,华莱士(美食街店)
67149287,广东省,中山市,华莱士(板芙店)
67153284,上海市,奉贤区,华莱士(南桥店)
67233284,河南省,郑州市,华莱士(白沙店)
67242152,吉林省,辽源市,华莱士(泰安店)
67242924,河南省,驻马店市,华莱士(乐山店)
67247584,广东省,广州市,华莱士
67248136,广东省,肇庆市,华莱士
67269343,广东省,佛山市,华莱士(明安店)
67269409,海南省,儋州市,华莱士
67278276,广东省,江门市,华莱士(中新广场店)
67280981,广东省,清远市,华莱士
67283649,重庆市,渝北区,华莱士
67320586,四川省,乐山市,华莱士
67334232,湖北省,襄阳市,华莱士
67351027,广东省,茂名市,华莱士(新尚店)
67360957,福建省,厦门市,华莱士(浒井店)
67362022,安徽省,亳州市,华莱士
67373129,广东省,东莞市,华莱士(樟木头店)
67382621,河南省,驻马店市,华莱士
67389976,广东省,中山市,华莱士
67393633,湖北省,武汉市,华莱士(黄陂店)
67404334,安徽省,阜阳市,华莱士炸鸡汉堡
67410309,山东省,潍坊市,华莱士(渤海路店)
67413123,广东省,深圳市,华莱士(松岗桥底店)
67420078,福建省,福州市,华莱士(英泰店)
67425238,安徽省,芜湖市,华莱士(十字街店)
67427802,湖北省,襄阳市,华莱士(襄阳市一中店)
67443162,山东省,济南市,华莱士炸鸡汉堡(济南矿院路店)
67459199,广西壮族自治区,桂林市,华莱士(灵东餐厅)
67493659,广东省,东莞市,华莱士
67545336,湖北省,黄冈市,华莱士(奥康步行街店)
67547490,北京市,怀柔区,华莱士(南小街店)
67561015,广东省,汕头市,华莱士(和翔店)
67575654,江苏省,苏州市,华莱士(南环店)
67579600,山东省,德州市,华莱士炸鸡汉堡(平原新世纪店)
67591168,山东省,枣庄市,华莱士炸鸡汉堡(枣庄滕州丽都)
67591277,山东省,聊城市,华莱士炸鸡汉堡(临清青年路)
67625225,江苏省,苏州市,华莱士(兴昂路店)
67640200,湖南省,郴州市,华莱士(临武店)
67659478,福建省,宁德市,华莱士(穿山路店)
67675286,山东省,烟台市,华莱士炸鸡汉堡(清泉路)
67681859,江苏省,无锡市,华莱士(千禧苑店)
67685874,湖南省,株洲市,华莱士(茶陵店)
67725288,安徽省,安庆市,华莱士
67737019,浙江省,丽水市,华莱士(遂昌店)
67737127,浙江省,丽水市,华莱士(龙泉剑池东路店)
67743121,广东省,广州市,华莱士
67750764,江苏省,常州市,华莱士(莱蒙店)
67753347,湖北省,鄂州市,华莱士(泽林店)
67756347,浙江省,宁波市,华莱士(步行街店)
67759716,广东省,韶关市,华莱士
67772697,江西省,南昌市,华莱士
67774804,山东省,济宁市,华莱士炸鸡汉堡(梁山店)
67777797,湖北省,恩施土家族苗族自治州,华莱士(科大西校店)
67784628,江苏省,无锡市,华莱士（东虹路店
67791177,四川省,成都市,华莱士(草堂北支路餐厅)
67801933,山东省,德州市,华莱士炸鸡汉堡(乐陵店)
67833633,广东省,湛江市,华莱士(解放店)
67846406,湖北省,武汉市,华莱士(光谷新南路店)
67885243,辽宁省,沈阳市,华莱士(法库店)
67896199,山东省,潍坊市,华莱士炸鸡汉堡苏州街店
67898279,广东省,汕头市,华莱士(新和惠店)
67900456,上海市,松江区,华莱士(车墩店)
67912261,山东省,临沂市,华莱士炸鸡汉堡(沂水刘南宅店)
67914867,广东省,广州市,华莱士(康乐店)
67934997,河南省,信阳市,华莱士(红苏店)
67950301,广东省,河源市,华莱士(河源远东店)
67956503,辽宁省,沈阳市,华莱士(北塔店)
67984907,湖南省,益阳市,华莱士(沅江金沙店)
68026369,福建省,福州市,华莱士
68034645,广东省,江门市,华莱士(鹤山桃源镇店)
68037094,广东省,广州市,华莱士
68056608,甘肃省,兰州市,华莱士(永昌路店)
68065681,浙江省,温州市,华莱士(郭溪店)
68065697,浙江省,温州市,华莱士(藤桥店)
68069724,广西壮族自治区,玉林市,华莱士餐厅
68138705,湖北省,黄石市,华莱士(武汉路店)
68144198,广东省,东莞市,华莱士(常平店)
68150802,广东省,东莞市,华莱士(大朗大井头店)
68163346,四川省,遂宁市,华莱士(太和店)
68163580,湖北省,武汉市,华莱士(马家庄店)
68163862,贵州省,遵义市,华莱士(澳门店)
68177041,贵州省,黔东南苗族侗族自治州,华莱士(岑巩店)
68199599,海南省,海口市,华莱士(四中店)
68204270,福建省,福州市,华莱士(漳港2店)
68204273,福建省,福州市,华莱士(金峰店)
68204280,福建省,泉州市,华莱士(62净峰店)
68241633,江苏省,常州市,华莱士(勤业路店)
68246412,河北省,唐山市,华莱士(遵化店)
68261344,湖北省,武汉市,华莱士(长丰双墩店)
68264182,湖南省,郴州市,华莱士
68364369,江西省,赣州市,华莱士
68366425,云南省,曲靖市,华莱士
68377485,山东省,泰安市,华莱士(羊流店)
68389421,广东省,韶关市,华莱士
68503159,福建省,宁德市,华莱士(福安服务区)
68555163,山西省,吕梁市,华莱士(南坪东街)
68583517,四川省,泸州市,华莱士(忠山路四段)
68605438,湖北省,十堰市,华莱士
68714239,辽宁省,朝阳市,华莱士
68931880,广东省,中山市,华莱士
68933622,浙江省,宁波市,华莱士(古林餐厅店)
68942780,河北省,唐山市,华莱士(开平)
68971301,江苏省,南通市,华莱士(濠北路店)
68990410,重庆市,九龙坡区,华莱士(皇家码头店)
68990990,广东省,深圳市,华莱士
68992423,江西省,南昌市,华莱士(万达茂店)
68999862,广东省,清远市,华莱士
69024115,广东省,佛山市,华莱士(龙江涌口店)
69080276,四川省,成都市,华莱士炸鸡汉堡店(顺江小区店)
69108582,上海市,闵行区,华莱士(曙建路店)
69123679,海南省,三亚市,华莱士(林旺路店NO53)
69134692,广东省,佛山市,华莱士(乐从汽车站店)
69177570,云南省,楚雄彝族自治州,华莱士(伟业广场店)
69179799,浙江省,宁波市,华莱士炸鸡汉堡
69181498,广东省,广州市,华莱士(海塱店)
69233314,浙江省,温州市,华莱士(黄龙店)
69233345,浙江省,温州市,华莱士(邻里中心店)
69239932,上海市,嘉定区,华莱士(南翔店)
69276616,上海市,徐汇区,华莱士(上海南站店)
69276743,江苏省,苏州市,华莱士(富华园店)
69280868,福建省,莆田市,华莱士(枫亭东路店)
69288591,四川省,成都市,华莱士炸鸡汉堡(三河餐厅)
69293286,重庆市,江北区,华莱士(复盛店)
69316048,河南省,许昌市,华莱士(益民店)
69329207,湖南省,岳阳市,华莱士(华容店)
69445158,江苏省,无锡市,华莱士(南街店)
69452049,辽宁省,辽阳市,华莱士(中华大街店)
69465882,山东省,菏泽市,华莱士(唐塔店)
69487277,贵州省,遵义市,华莱士(绥阳店)
69493820,福建省,泉州市,华莱士(129田安店)
69496242,浙江省,杭州市,华莱士(东方茂店)
69501706,广东省,东莞市,华莱士
69508370,广西壮族自治区,钦州市,华莱士(西大餐厅)
69510357,湖北省,宜昌市,华莱士(步行街店)
69573732,安徽省,宣城市,华莱士
69619909,浙江省,台州市,华莱士(后阮店)
69634160,安徽省,马鞍山市,华莱士(沈巷店)
69642015,河南省,郑州市,华莱士(东风店)
69656429,福建省,福州市,华莱士(百花洲店)
69656522,福建省,福州市,华莱士(池园店)
69657145,北京市,延庆区,华莱士
69714742,辽宁省,锦州市,华莱士(振兴街店)
69738436,重庆市,荣昌区,华莱士(永荣店)
69751848,辽宁省,盘锦市,华莱士(双台子大润发店)
69775886,湖北省,武汉市,华莱士(圣特立店)
69775898,湖北省,武汉市,华莱士(奥莱西街店)
69776182,广东省,广州市,华莱士(龙归店)
69798774,江西省,上饶市,华莱士(万力时代店)
69815931,湖北省,武汉市,华莱士(青宜居店)
69820871,河南省,三门峡市,华莱士(万达店)
69826465,山东省,潍坊市,华莱士(乐川街店)
69831577,四川省,达州市,华莱士(文理学院店)
69859811,河南省,安阳市,华莱士(解放店)
69917220,山东省,枣庄市,华莱士
69958164,江西省,上饶市,华莱士(五都店)
69958371,广东省,深圳市,华莱士炸鸡汉堡(长盛店)
69993926,贵州省,六盘水市,华莱士(火车站店)
70150295,广西壮族自治区,桂林市,华莱士(六合店)
70600247,江苏省,苏州市,华莱士(中央景城店)
70764721,辽宁省,沈阳市,华莱士(砂山店)
70765805,四川省,德阳市,华莱士(天山店)
71003213,河南省,安阳市,华莱士炸鸡汉堡餐厅
71032526,浙江省,湖州市,华莱士
71530502,广东省,佛山市,华莱士
72336264,河北省,保定市,华莱士(科技学院)
72351344,江西省,宜春市,华莱士(鼓楼店)
72455537,河南省,南阳市,华莱士(镇平餐厅)
72455623,河南省,驻马店市,华莱士(遂平江润餐厅)
72457959,四川省,南充市,华莱士(元宝餐厅店)
73385966,福建省,宁德市,华莱士(南湖店)
73404334,山西省,太原市,华莱士(五龙口店)
73429389,浙江省,温州市,华莱士(泰顺新城华鸿店)
73506189,湖北省,黄冈市,华莱士(明星小站)
73555383,重庆市,巴南区,华莱士(恒大城店)
73560019,广东省,深圳市,华莱士(大浪老围店)
73574388,广东省,佛山市,华莱士(联星店)
73586472,河南省,郑州市,华莱士(金博大店)
73594173,浙江省,宁波市,华莱士休闲餐厅
73617872,浙江省,丽水市,华莱士(青田圣旨街店)
73619785,广东省,广州市,华莱士(赤岗店)
73993337,福建省,厦门市,华莱士(灌口二店)
74552570,广东省,韶关市,华莱士(海绵厂店)
74553650,湖南省,株洲市,华莱士攸县店
74555545,重庆市,渝北区,华莱士(金港国际)
74591235,广东省,广州市,华莱士(富山店)
74595054,广东省,中山市,华莱士(祥丰店)
74706412,湖南省,株洲市,华莱士(攸县步步高店)
74711867,江苏省,苏州市,华莱士(陆慕店)
74953058,湖南省,株洲市,华莱士(响石广场店)
75031485,福建省,福州市,华莱士(高山侨乡店)
75092105,四川省,绵阳市,华莱士(恒丰园店)
75099558,黑龙江省,哈尔滨市,华莱士(新阳店)
75103306,海南省,陵水黎族自治县,华莱士(新村店)
75165905,河南省,郑州市,华莱士
75198675,福建省,龙岩市,华莱士(八中店)
75636404,四川省,南充市,华莱士(阆中保宁镇店)
75640173,上海市,浦东新区,华莱士(妙境店)
75698315,辽宁省,朝阳市,华莱士(建平万方店)
76962011,河北省,邢台市,华莱士(河北沙河广阳街店)
76977714,广东省,东莞市,华莱士(厚街万达店)
76982333,广东省,东莞市,华莱士(厚街虹桥店)
76990194,安徽省,六安市,华莱士(华莱士将军大道快餐店)
76995416,重庆市,万州区,华莱士(万州西山车站)
77002393,河北省,邯郸市,华莱士(河北武安店)
77002468,山东省,潍坊市,华莱士(振兴街店)
77002534,山东省,日照市,华莱士(祥云百家乐餐厅)
77002553,山东省,聊城市,华莱士(华盛苑店)
77009438,广东省,东莞市,华莱士(厚街大汇店)
77009475,广东省,东莞市,华莱士(石排国和店)
77010433,广东省,韶关市,华莱士(翁源店)
77011346,广东省,佛山市,华莱士(里水得胜店)
77014778,福建省,福州市,华莱士(龙宾新界店)
77063299,青海省,西宁市,华莱士(端洲店)
77235686,河北省,张家口市,华莱士(西坝岗店)
77245434,四川省,遂宁市,华莱士
77266297,浙江省,宁波市,华莱士(春晓店)
77267889,福建省,泉州市,华莱士(146泉港万顺店)
77281547,江苏省,常州市,华莱士(青龙店)
77342422,山东省,济宁市,华莱士(曲阜五马祠街店)
77369886,海南省,定安县,华莱士(和平南店)
77443060,浙江省,杭州市,华莱士(春天华府店)
77444331,广东省,珠海市,华莱士(北岭店)
77451908,海南省,琼海市,华莱士(NO.61中原店)
77456498,广东省,惠州市,华莱士(小金口柏岗店)
77461011,安徽省,马鞍山市,华莱士(红旗店)
77477731,四川省,成都市,华莱士炸鸡汉堡(籍田店)
77483332,福建省,宁德市,华莱士(福鼎中汇店)
77676374,四川省,广安市,华莱士
77689292,贵州省,黔南布依族苗族自治州,华莱士(好花红店)
77767891,山西省,运城市,华莱士
77834597,黑龙江省,绥化市,华莱士炸鸡汉堡
77863910,四川省,自贡市,华莱士汉堡店
77933421,广东省,佛山市,华莱士(轻工三路店)
77986460,山东省,临沂市,华莱士炸鸡汉堡
78064781,内蒙古自治区,呼和浩特市,华莱士(食品店)
79216120,甘肃省,兰州市,华莱士(龚家湾店)
79241250,重庆市,九龙坡区,华莱士(盛世华城)
79254718,四川省,德阳市,华莱士(什邡二店)
79265962,浙江省,宁波市,华莱士(东裕大润发店)
79311247,广东省,茂名市,华莱士
79452800,广东省,佛山市,华莱士(明城店)
79608931,湖北省,孝感市,华莱士(应城沃尔玛店)
79619913,江苏省,常州市,华莱士(青山湾店)
79668290,浙江省,温州市,华莱士(茶山学府店)
79672490,辽宁省,沈阳市,华莱士(体育学院店)
79675031,广东省,云浮市,华莱士(宝定路店)
79682480,浙江省,金华市,华莱士(孝顺店)
79885460,福建省,漳州市,华莱士汉堡店(山格镇人民政府北)
79915092,山东省,临沂市,华莱士
8002415,湖南省,怀化市,华莱士(三角坪店)
8037281,湖南省,怀化市,华莱士(怀化大润发店)
8074381,重庆市,九龙坡区,华莱士(黄桷坪店)
8084780,广东省,东莞市,华莱士(东城下桥店)
8133733,广东省,湛江市,华莱士(东风店)
8133870,广东省,湛江市,华莱士(跃进店)
8187079,广东省,中山市,华莱士炸鸡汉堡(长命水店)
8187255,广东省,中山市,华莱士(中山火炬店)
8187427,广东省,中山市,华莱士(红山路店)
8187442,广东省,中山市,华莱士(东升万福店)
83473328,北京市,海淀区,华莱士(五道口店)
83536512,江苏省,苏州市,华莱士(新康花园店)
83587413,四川省,成都市,华莱士炸鸡汉堡(籍田镇餐厅)
83590804,江西省,宜春市,华莱士(秀市店)
8442845,福建省,福州市,华莱士(摘仙店)
8658464,广东省,清远市,华莱士(建设路店)
8663167,广东省,惠州市,华莱士(陈江店)
8667122,河南省,郑州市,华莱士(陈寨店)
8667200,广东省,惠州市,华莱士(平山店)
8692469,广东省,深圳市,华莱士炸鸡汉堡(民乐老村店)
8699607,山东省,潍坊市,华莱士(滨海开发区店)
8701228,浙江省,温州市,华莱士淘饱
8707495,广东省,佛山市,华莱士(丹灶店)
8712221,安徽省,亳州市,华莱士(蒙城店)
8718102,四川省,成都市,华莱士(蛟龙港店)
8719683,江西省,南昌市,华莱士(顺外店)
8719799,河南省,商丘市,华莱士(团结餐厅)
8728570,江苏省,常州市,华莱士(青洋店)
8729107,江苏省,常州市,华莱士(潞城店)
8821505,安徽省,池州市,华莱士(东至店)
8827599,河北省,保定市,华莱士(河大店)
8846327,福建省,泉州市,华莱士(20石狮华侨店)
8848568,海南省,屯昌县,华莱士(屯昌1店)
8883859,四川省,内江市,华莱士(严陵镇店)
8887649,河北省,保定市,华莱士(涞水店)
8893745,福建省,福州市,华莱士(五四北秀山店)
8897634,江西省,南昌市,华莱士(二七南路店)
8900228,河北省,张家口市,华莱士(永辉店)
8900260,安徽省,芜湖市,华莱士(西大街店)
8916801,河南省,新乡市,华莱士(平原路店)
8916830,河南省,新乡市,华莱士(人民餐厅)
8935356,江苏省,无锡市,华莱士(玉祁店)
8935654,江苏省,无锡市,华莱士(山观店)
8935695,江苏省,无锡市,华莱士(山韵街店)
8935716,江苏省,无锡市,华莱士(高塍店)
8947292,河北省,石家庄市,华莱士
8981316,河北省,石家庄市,华莱士
8993308,广西壮族自治区,钦州市,华莱士炸鸡汉堡
9002230,江苏省,徐州市,华莱士(黄山新村店)
90086653,广东省,广州市,华莱士(黄编店)
90106465,海南省,海口市,华莱士(万花坊店)
90289933,广东省,深圳市,华莱士
90291080,广东省,广州市,华莱士(南岗店)
90294750,北京市,东城区,华莱士(广渠门店)
90302697,海南省,三亚市,华莱士(田独店NO.63)
90334396,福建省,厦门市,华莱士(凤林店)
90334516,福建省,厦门市,华莱士(凤翔店)
9039408,陕西省,西安市,华莱士(长安二店)
90428442,河北省,张家口市,华莱士(张北二店)
9044224,安徽省,滁州市,华莱士(南湖店)
9046467,广东省,广州市,华莱士(陈田中街店)
90464703,江西省,吉安市,华莱士(井大店)
9047807,广东省,广州市,华莱士(建设路店)
9048578,广东省,广州市,华莱士(棠景店)
9051128,湖北省,武汉市,华莱士(王家湾店)
90514904,江西省,南昌市,华莱士(华润万家店)
9052477,湖北省,武汉市,华莱士(光谷大洋店)
9058045,广东省,广州市,华莱士(花都合成店)
90588640,广东省,深圳市,华莱士炸鸡汉堡
9059063,广东省,广州市,华莱士(新华国美店)
90595634,重庆市,渝北区,华莱士(木耳)
90595635,重庆市,江津区,华莱士(江津珞璜)
9064160,湖北省,武汉市,华莱士(张之洞店)
9064432,广东省,广州市,华莱士(番禺钟村店)
9065434,广东省,广州市,华莱士(罗冲围店)
9083251,海南省,三亚市,华莱士(启德NO.22店)
9085198,江苏省,扬州市,华莱士(工农路店)
90907753,广东省,广州市,华莱士(状元坊店)
90907769,广东省,广州市,华莱士(群贤店)
9101865,辽宁省,沈阳市,华莱士(北三路店)
91022202,上海市,徐汇区,华莱士炸鸡汉堡
9102576,江苏省,扬州市,华莱士汉堡店(文昌花园店)
91067305,四川省,成都市,华莱士
9109280,福建省,福州市,华莱士(连江天元店)
9122883,河南省,郑州市,华莱士(上街餐厅)
9124072,福建省,福州市,华莱士(北尚店)
9144158,江苏省,苏州市,华莱士(北厍店)
9148191,江苏省,苏州市,华莱士(后塍店)
9154240,重庆市,九龙坡区,华莱士(石杨店)
91672294,江苏省,苏州市,华莱士(景德路店)
91689997,河南省,开封市,华莱士(晋安路店)
9169542,云南省,昆明市,华莱士(环城北路店)
9182476,山西省,太原市,华莱士
91862357,湖北省,鄂州市,华莱士(莲花山店)
91878194,四川省,成都市,华莱士炸鸡汉堡(红花南路餐厅)
91879024,江苏省,苏州市,华莱士(光福店)
91881780,四川省,成都市,华莱士炸鸡汉堡(彭州餐厅)
9189593,福建省,厦门市,华莱士(同安一中店)
9196833,重庆市,南岸区,华莱士(南坪桃源店)
91974040,重庆市,渝中区,华莱士(时代天街店)
9202046,广东省,深圳市,华莱士(坪地店)
9202073,浙江省,杭州市,华莱士(西堤路店)
9202402,福建省,厦门市,华莱士(市场路店)
9204448,重庆市,沙坪坝区,华莱士(沙坪坝北街38号)
92044630,广东省,深圳市,华莱士(前进店)
9205672,重庆市,沙坪坝区,华莱士(小龙坎店)
92058198,广东省,深圳市,华莱士(楼村步行街店)
92129079,黑龙江省,哈尔滨市,华莱士
92166549,广东省,深圳市,华莱士(横岭店)
92211433,上海市,奉贤区,华莱士(海思店)
9226933,安徽省,合肥市,华莱士(一店)
92356795,重庆市,九龙坡区,华莱士(盘龙一号)
9240885,广东省,珠海市,华莱士(金鼎店)
9277789,广东省,东莞市,华莱士(虎门博头2店)
9280534,贵州省,贵阳市,华莱士(淮河路店)
9281166,贵州省,贵阳市,华莱士(金源街店)
9294540,广东省,佛山市,华莱士(张槎店)
9300792,福建省,厦门市,华莱士(台湾街餐厅)
9322675,广东省,东莞市,华莱士炸鸡汉堡(东城桑园店)
9333620,山东省,淄博市,华莱士(西六路店)
9350629,广东省,揭阳市,华莱士(城2店)
9351291,山东省,淄博市,华莱士(振兴路店)
9388539,福建省,莆田市,华莱士(东大店)
9403872,海南省,东方市,华莱士东方餐厅NO.20店
9408938,广西壮族自治区,玉林市,华莱士(新洲店)
9412843,河北省,保定市,华莱士(蠡县店)
9413944,广西壮族自治区,玉林市,华莱士(站前店)
9459246,广东省,汕头市,华莱士
9464497,浙江省,温州市,华莱士(建新店)
9466091,浙江省,温州市,华莱士(钱库振兴店)
9466399,广东省,汕头市,华莱士(贵屿店)
9468672,广东省,汕头市,华莱士(海门店)
9471343,浙江省,温州市,华莱士(塘下店)
9487946,浙江省,温州市,华莱士(文成店)
9498001,广东省,江门市,华莱士(开平祥苑店)
9530385,河南省,信阳市,华莱士(四一路沃尔玛店)
9602622,福建省,泉州市,华莱士(08石狮集旺店)
9608147,福建省,泉州市,华莱士(10泉州圣湖店)
9611702,江西省,宜春市,华莱士炸鸡汉堡(君留苑店)
9644841,山东省,泰安市,华莱士(东岳大街店)
9649465,安徽省,马鞍山市,华莱士(佳山路店)
9652722,河南省,漯河市,华莱士(临颍餐厅)
9659249,河南省,漯河市,华莱士(漯河火车站店)
9690728,山东省,德州市,华莱士(齐河县大福源店)
9694707,福建省,漳州市,华莱士
9717281,山东省,德州市,华莱士炸鸡汉堡
9739293,浙江省,绍兴市,华莱士(新昌二店)
9741146,浙江省,绍兴市,华莱士(大唐店)
9741962,江西省,赣州市,华莱士
9760612,湖北省,黄冈市,华莱士(西街店)
9763796,四川省,德阳市,华莱士(伍城北路店)
9769191,湖北省,黄冈市,华莱士(罗田电影院店)
9786302,浙江省,金华市,华莱士(白龙桥店)
9790739,湖北省,黄石市,华莱士(新街口店)
9818312,湖北省,恩施土家族苗族自治州,华莱士(舞阳店)
9831746,浙江省,嘉兴市,华莱士(雅山中路店)
9835729,广东省,惠州市,华莱士(淡水春源店)
9872194,湖南省,常德市,华莱士(辰阳中路店)
9896341,辽宁省,辽阳市,华莱士炸鸡汉堡(总店)
9928313,山东省,淄博市,华莱士(西二路店)
9938364,山东省,淄博市,华莱士(新博路)
9943590,福建省,龙岩市,华莱士(小溪店)
9996870,湖北省,武汉市,华莱士(中央大街店)
76087564,江西省,南昌市,华莱士(东新店)
76303527,福建省,福州市,华莱士(华林路店)
76503397,湖北省,武汉市,华莱士(城建学院店)
76514910,湖北省,武汉市,华莱士(万科金色城市店)
76545307,湖北省,武汉市,华莱士(狮城名居店)
76658843,浙江省,杭州市,华莱士(宝龙城市广场店)
76684465,江苏省,常州市,华莱士(定安路)
76722398,辽宁省,锦州市,华莱士炸鸡汉堡店(凌海商贸城店)
76735160,浙江省,绍兴市,华莱士(袍江世纪店)
76735185,广东省,惠州市,华莱士(惠州大道店)
76740356,广东省,佛山市,华莱士(忠义店)
76750827,浙江省,丽水市,华莱士(缙云三店)
76754437,安徽省,六安市,华莱士(金谷店)
76754787,吉林省,四平市,华莱士(商贸城店)
76757213,海南省,海口市,华莱士(金盘NO.57店)
76759052,广东省,中山市,华莱士(南坦店)
76765347,安徽省,黄山市,华莱士(百鸟亭路店)
76819057,广东省,江门市,华莱士
76823691,四川省,内江市,华莱士
76826259,江苏省,南京市,华莱士
76826353,四川省,遂宁市,华莱士
76826804,广东省,深圳市,华莱士(荔枝花园店)
76843229,湖南省,怀化市,华莱士(老街坊店)
76851403,四川省,绵阳市,华莱士(富乐路店)
76860325,江苏省,苏州市,华莱士(木渎3店)
76870179,浙江省,金华市,华莱士(桐琴店)
76894458,广东省,惠州市,华莱士(江汝店)
76897823,广东省,广州市,华莱士(双和店)
76914913,四川省,绵阳市,华莱士炸鸡汉堡(美宏店)
76922551,广东省,佛山市,华莱士(西约店)
76925793,四川省,泸州市,华莱士(锦华万象城)
76959876,河南省,郑州市,华莱士(玉前餐厅)
76983471,黑龙江省,哈尔滨市,华莱士汉堡店
76992220,河北省,张家口市,华莱士(金泉店)
76996132,山东省,潍坊市,华莱士(老区万家福)
76996459,河北省,邯郸市,华莱士(馆陶二店)
77002391,山东省,德州市,华莱士德州乐陵滨海餐厅
77002392,山东省,临沂市,华莱士(雅圣苑餐厅)
77002439,山东省,菏泽市,华莱士(大润发店)
77002486,山东省,日照市,华莱士(日客隆)
77218266,广东省,深圳市,华莱士炸鸡汉堡(沙井世纪万众店)
77247683,江西省,宜春市,华莱士(鹏泰七星餐厅)
77259991,江苏省,苏州市,华莱士(甪直三店)
77260037,广东省,清远市,华莱士(东门店)
77260899,湖北省,随州市,华莱士(广水应山东大街店)
77267879,福建省,泉州市,华莱士(141德化龙浔店)
77267884,福建省,泉州市,华莱士(138万业店)
77280135,广东省,珠海市,华莱士(白蕉店)
77301709,江西省,南昌市,华莱士(丰源淳和店)
77341952,浙江省,温州市,华莱士(灵溪城中店)
77351994,江苏省,镇江市,华莱士(正东路店)
77364152,山东省,济南市,华莱士(祝舜路店)
77370740,吉林省,通化市,华莱士炸鸡汉堡(百货大楼店)
77448196,湖南省,衡阳市,华莱士(仙姬巷店)
77450455,福建省,漳州市,华莱士(133绥安店)
77464175,四川省,达州市,华莱士(通川桥头店)
77471338,山东省,莱芜市,华莱士莱芜雪湖大街店
77483008,浙江省,台州市,华莱士(仙居城中店)
77491632,福建省,泉州市,华莱士(140惠安禹洲店)
77491651,福建省,莆田市,华莱士(145仙游龙华店)
77690276,贵州省,黔西南布依族苗族自治州,华莱士(晴隆店)
77933404,广东省,佛山市,华莱士(科学技术学院店)
7893936,广西壮族自治区,玉林市,华莱士(清宁店)
78991925,广东省,深圳市,华莱士有限公司
79258972,福建省,福州市,华莱士(爱琴海购物公园店)
79279636,广东省,梅州市,华莱士(兴东路店)
79293964,四川省,宜宾市,华莱士(地中海店)
79295215,安徽省,阜阳市,华莱士(城中南路店)
79300269,广东省,深圳市,华莱士(固戍世纪百货店)
79369594,黑龙江省,哈尔滨市,华莱士(呼兰店)
79414311,辽宁省,沈阳市,华莱士(世纪新城店)
79442561,河北省,张家口市,华莱士汉堡二店(商业街店)
79442624,江西省,宜春市,华莱士
79451026,广东省,潮州市,华莱士(浮洋店)
79452795,广东省,江门市,华莱士(共和店)
79469281,吉林省,延边朝鲜族自治州,华莱士炸鸡汉堡
79556250,江苏省,徐州市,华莱士(东升街店)
79591073,广东省,东莞市,华莱士黄江店
79601095,浙江省,嘉兴市,华莱士(嘉兴桐乡店)
79601751,浙江省,嘉兴市,华莱士(洲泉店)
79666794,江苏省,镇江市,华莱士(常发广场店)
79682902,浙江省,台州市,华莱士
79717553,广西壮族自治区,贺州市,华莱士鸡肉卷
79790104,山东省,泰安市,华莱士炸鸡汉堡(华丰店)
79863821,湖南省,邵阳市,华莱士(大润发店)
79874702,湖北省,孝感市,华莱士
8002374,湖南省,怀化市,华莱士(怀化二中店)
8006158,安徽省,阜阳市,华莱士(界首店)
8008935,广东省,汕头市,华莱士(后田店)
80115823,北京市,通州区,华莱士现烤汉堡
8030366,广东省,深圳市,华莱士(六约店)
8076514,海南省,海口市,华莱士(振兴南路店)
8084794,广东省,东莞市,华莱士(厚街茂和店)
81262042,广东省,广州市,华莱士
8133784,广东省,湛江市,华莱士(绿村店)
8187458,广东省,中山市,华莱士(竹苑店)
83146587,山东省,济南市,华莱士(芙蓉大道餐厅)
83437151,四川省,成都市,华莱士炸鸡汉堡(温江西大店)
83502161,江西省,赣州市,华莱士(全球通店)
83512696,上海市,虹口区,华莱士(大连路店)
83587988,湖北省,武汉市,华莱士(友谊南路店)
83617255,上海市,浦东新区,华莱士(海事大学店)
8663884,广东省,江门市,华莱士(江门外海店)
8689232,江苏省,无锡市,华莱士炸鸡汉堡(暨阳店)
8694802,江苏省,镇江市,华莱士(谷阳店)
8719892,江苏省,苏州市,华莱士(阳澄湖店)
8721989,河南省,焦作市,华莱士(修武餐厅)
8723641,广东省,佛山市,华莱士(高明沧江路店)
8723972,广东省,汕头市,华莱士(湖光店)
8728547,江苏省,常州市,华莱士(怀德店)
8841637,江西省,九江市,华莱士(十里店)
8852785,甘肃省,白银市,华莱士(公园路店)
8859534,云南省,昆明市,华莱士(东郊店)
8871339,重庆市,南岸区,华莱士(学府大道店)
8890099,安徽省,蚌埠市,华莱士(五河店)
8906672,湖北省,荆州市,华莱士炸鸡汉堡(红门路店)
8906679,湖北省,荆州市,华莱士炸鸡汉堡(农学院店)
8914533,河北省,廊坊市,华莱士(胜芳店)
8925750,山东省,泰安市,华莱士(农大南校店)
8935357,江苏省,无锡市,华莱士(堰桥店)
8935642,江苏省,无锡市,华莱士炸鸡汉堡(高运路店)
8935684,江苏省,无锡市,华莱士(张渚店)
8935701,江苏省,无锡市,华莱士(和桥店)
8937723,河南省,洛阳市,华莱士(涧东路店)
90005906,浙江省,杭州市,华莱士(北部软件园祥园路店)
90006077,重庆市,南岸区,华莱士(后堡)
9002496,江苏省,苏州市,华莱士(通安店)
90042331,上海市,杨浦区,华莱士(宁国路)
90257992,浙江省,杭州市,华莱士(留下2店)
9026214,广东省,佛山市,华莱士(上北店)
9041395,河南省,驻马店市,华莱士(西平店)
9046141,广东省,广州市,华莱士(大岗店)
9046511,广东省,广州市,华莱士
90470283,江苏省,苏州市,华莱士(阳山花园店)
90498430,上海市,杨浦区,华莱士(复旦大学店)
9052006,广东省,广州市,华莱士(增城中山店)
9052488,湖北省,武汉市,华莱士(南湖中商店)
9058236,湖北省,武汉市,华莱士(蔡甸店)
9058890,湖北省,武汉市,华莱士(汉南大道店)
90595556,重庆市,巴南区,华莱士(巴南万达)
9081616,河北省,石家庄市,华莱士炸鸡汉堡(新兴路店)
9083889,海南省,三亚市,华莱士(红旗餐厅NO.44店)
90916943,上海市,浦东新区,华莱士(高桥店)
90917412,上海市,浦东新区,华莱士(建中店)
90959791,湖北省,武汉市,华莱士(五龙路店)
90992448,湖北省,武汉市,华莱士(湘隆时代广场店)
90997780,辽宁省,大连市,华莱士(旅顺沃尔玛店)
91013981,四川省,南充市,华莱士(大南街店)
9105717,福建省,福州市,华莱士(连江万福巷店)
9106357,河南省,郑州市,华莱士(花园路店)
91079525,广东省,湛江市,华莱士(龙头店)
9122274,福建省,福州市,华莱士(西环西路店)
9122434,福建省,福州市,华莱士(文山店)
9141628,辽宁省,沈阳市,华莱士(东湖街店)
9148461,江苏省,苏州市,华莱士(盛泽三店)
9159759,江苏省,苏州市,华莱士(中兴店)
91600161,福建省,厦门市,华莱士(岭兜店)
91620198,天津市,河东区,华莱士(爱琴海店)
9164379,山东省,济南市,华莱士(双泉路店)
91647643,福建省,三明市,华莱士(沃尔玛店)
9167551,重庆市,长寿区,华莱士(长寿向阳店)
91679058,重庆市,巴南区,华莱士(理工大学)
91691024,四川省,南充市,华莱士(嘉陵店)
9171682,天津市,静海县,华莱士(静海店)
9178059,江西省,南昌市,华莱士(安石路店)
9178142,江西省,南昌市,华莱士(洪都店)
9178517,江西省,南昌市,华莱士(井冈山大道店)
9186911,山东省,济南市,华莱士(泺安路店)
91877749,四川省,南充市,华莱士炸鸡汉堡(南部新世纪餐厅)
91914591,江苏省,苏州市,华莱士(望亭店)
91914650,江苏省,苏州市,华莱士(葑门店)
9192736,湖南省,长沙市,华莱士(自然岭店)
91955245,江西省,抚州市,华莱士
9199428,福建省,厦门市,华莱士(后溪店)
92070422,广东省,广州市,华莱士(汇桥路店)
92110541,海南省,三亚市,华莱士(渔村店)
92129223,重庆市,九龙坡区,华莱士炸鸡汉堡
9213003,广东省,深圳市,华莱士(华旺店)
9221012,四川省,成都市,华莱士(大邑店)
9221842,浙江省,宁波市,华莱士(岳林店)
9227893,四川省,成都市,华莱士(大丰店)
92351094,重庆市,巴南区,华莱士(颜龙山水)
9243520,四川省,成都市,华莱士(新繁店)
9250405,山东省,青岛市,华莱士炸鸡汉堡(理工大学店)
9253646,重庆市,沙坪坝区,华莱士(欣阳广场店)
9272505,山东省,青岛市,华莱士(宝龙店)
9275876,四川省,成都市,华莱士炸鸡汉堡店(双流店)
9296232,广东省,佛山市,华莱士(容山店)
9311084,广东省,佛山市,华莱士(勒流店)
9319707,广东省,东莞市,华莱士炸鸡汉堡(长安厦边华润店)
9319926,广东省,东莞市,华莱士炸鸡汉堡(长安街口店)
9335749,江苏省,镇江市,华莱士(东吴店)
9340541,浙江省,台州市,华莱士(仙居永安店)
9347225,山东省,淄博市,华莱士(般阳路店)
9350480,福建省,三明市,华莱士(新市中路店)
9353420,山东省,淄博市,华莱士(华光路店)
9358825,广东省,茂名市,华莱士(宾南店)
9384335,河南省,三门峡市,华莱士(灵宝1店)
9389515,福建省,莆田市,华莱士(香港城店)
9408862,广西壮族自治区,玉林市,华莱士(陵宁店)
9409619,广西壮族自治区,玉林市,华莱士(金珠店)
9411823,广西壮族自治区,玉林市,华莱士(兴隆餐厅)
9422869,陕西省,延安市,华莱士(子长店)
9425610,陕西省,延安市,华莱士(欧锦店)
9429929,河南省,新乡市,华莱士(宏力餐厅)
9454495,湖北省,孝感市,华莱士(孝感九真店)
9460613,浙江省,温州市,华莱士(水头1店)
9461942,浙江省,温州市,华莱士(江北店)
9465946,广东省,汕头市,华莱士
9472713,浙江省,温州市,华莱士(瞿溪回龙店)
9474255,河北省,保定市,华莱士(容城店)
9506420,浙江省,温州市,华莱士(广安路店)
9535049,湖南省,衡阳市,华莱士(夏明翰广场店)
9539505,山东省,临沂市,华莱士(平邑莲花山店)
9568382,江苏省,盐城市,华莱士(东台店)
9584338,福建省,泉州市,华莱士(54洋埭店)
9586252,福建省,泉州市,华莱士(47石狮彭田店)
9586790,福建省,泉州市,华莱士(40泉州新华都店)
9592982,江西省,景德镇市,华莱士(新厂店)
9594445,福建省,泉州市,华莱士(60惠安张坂店)
9596475,福建省,泉州市,华莱士(浦西路口店)
9598058,甘肃省,兰州市,华莱士(中山桥店)
9604739,江西省,宜春市,华莱士(杨柳湖店)
9611564,广东省,湛江市,华莱士(中山店)
9612433,福建省,泉州市,华莱士(17石狮蚶江店)
9614877,安徽省,滁州市,华莱士(定远店)
9616703,浙江省,丽水市,华莱士(中山西路店)
9617239,福建省,泉州市,华莱士(86南安官桥店)
9622497,安徽省,滁州市,华莱士(石梁路店)
9629421,福建省,泉州市,华莱士(东霞路店)
9646448,安徽省,马鞍山市,华莱士(华阳店)
9698380,江苏省,泰州市,华莱士(黄桥十桥路店)
9754975,江西省,鹰潭市,华莱士(杏南小区店)
9766427,广西壮族自治区,北海市,华莱士(北部湾店)
9767658,湖北省,黄冈市,华莱士(阳光城店)
9773557,浙江省,金华市,华莱士(武义东升店)
9785527,陕西省,商洛市,华莱士(山阳店)
9789906,江西省,九江市,华莱士(庐峰店)
9814514,广西壮族自治区,柳州市,华莱士(西江店)
9830329,福建省,南平市,华莱士(建阳童游店)
9843348,湖南省,株洲市,华莱士(铁西路店)
9864320,重庆市,沙坪坝区,华莱士(曾家店)
9903452,山东省,烟台市,华莱士(莱阳昌山路店)
9908657,江西省,抚州市,华莱士炸鸡汉堡
9911490,江西省,抚州市,华莱士(京川大道店)
9927378,山东省,淄博市,华莱士(共青团路店)
9939450,浙江省,台州市,华莱士(台州工人路店)
9941554,浙江省,台州市,华莱士(大洋西路店)
9954216,湖南省,株洲市,华莱士(铁路学院店)
9976353,福建省,福州市,华莱士(燎原路店)
