﻿shopId,lv1Name,lv2Name,shopName
10335832,上海市,闵行区,永和大王(瑞丽路店)
17569151,天津市,河北区,永和大王(火车站店)
19003558,江苏省,南京市,永和大王(禄口机场店)
1965445,北京市,朝阳区,永和大王(亚运村店)
19830727,北京市,东城区,永和大王(东直门外大街店)
21244405,浙江省,杭州市,永和大王(江晖路店)
21322490,北京市,西城区,永和大王(西客站2店)
21322492,北京市,东城区,永和大王(北京站广场店)
21322534,上海市,浦东新区,永和大王(浦东国际机场T2店)
21322560,湖北省,武汉市,永和大王(关山大道店)
22688985,北京市,朝阳区,永和大王(柳芳店)
2422021,北京市,朝阳区,永和大王(广顺北店)
2470342,江苏省,南京市,永和大王(龙蟠店)
2546704,北京市,昌平区,永和大王(立汤二店)
2566627,上海市,浦东新区,永和大王(巨峰路店)
2875297,北京市,朝阳区,永和大王(惠新东街店)
2937427,浙江省,杭州市,永和大王(朝晖店)
2979820,江苏省,南京市,永和大王(应天大街店)
4183332,北京市,海淀区,永和大王(学院路店)
4505589,上海市,徐汇区,永和大王(漕宝店)
4553950,江苏省,南京市,永和大王(广州路店)
5202555,广东省,广州市,永和大王(广州东站二店)
522454,广东省,深圳市,永和大王(华侨城店)
5249818,湖北省,武汉市,永和大王(南湖广场店)
5418928,湖北省,武汉市,永和大王(武昌站二店)
5418977,北京市,东城区,永和大王(东单北大街店)
5419059,上海市,闵行区,永和大王(虹桥高铁2店)
5444987,山东省,枣庄市,永和大王(第一职业高中店)
561340,湖北省,武汉市,永和大王(花桥店)
5720938,江苏省,苏州市,永和大王(星海街店)
584722,天津市,南开区,永和大王(南京店)
66288336,广东省,珠海市,永和大王(明珠南路店)
66732902,江苏省,苏州市,永和大王(道前街店)
6828864,上海市,嘉定区,永和大王(安亭店)
69507364,北京市,朝阳区,永和大王(天辰东路店)
73623446,上海市,静安区,永和大王(七浦路店)
73623450,湖北省,武汉市,永和大王(武昌站店)
75171468,福建省,福州市,永和大王(金榕店)
75692241,新疆维吾尔自治区,乌鲁木齐市,永和大王(乌鲁木齐新客站店)
76751024,湖北省,孝感市,永和大王(槐荫大道店)
77370059,上海市,宝山区,永和大王(共和新路店)
77909505,上海市,徐汇区,永和大王
78927350,北京市,海淀区,永和大王(永定路店)
7957107,江苏省,苏州市,永和大王(前进东路店)
8732968,北京市,大兴区,永和大王(亦庄店)
8878728,江苏省,南通市,永和大王(海阳路店)
13769299,北京市,海淀区,永和大王(凯德MALL店)
15506753,江苏省,南京市,永和大王(建宁路店)
17952372,北京市,海淀区,永和大王(复兴店)
1946158,广东省,深圳市,永和大王(益田店)
19474480,上海市,浦东新区,永和大王(仁济医院店)
2051386,上海市,普陀区,永和大王(兰溪路店)
21322488,北京市,丰台区,永和大王(北京南站2店)
21322489,北京市,朝阳区,永和大王(四惠店)
21322524,江苏省,南京市,永和大王(莲池路店)
21322530,江苏省,南京市,永和大王(太平南店)
21322540,上海市,嘉定区,永和大王(嘉定西店)
21322556,天津市,北辰区,永和大王(辰昌路店)
22249984,上海市,徐汇区,永和大王(锦江乐园店)
2273797,北京市,海淀区,永和大王(成府店)
2343316,北京市,西城区,永和大王(长椿店)
23562356,广东省,深圳市,永和大王(宝安北店)
2383486,北京市,西城区,永和大王(礼士店)
2498581,北京市,朝阳区,永和大王(广渠店)
2571040,北京市,东城区,永和大王(安外店)
2631385,江苏省,南京市,永和大王(秦淮店)
2668285,浙江省,台州市,永和大王(东环大道店)
27019589,北京市,大兴区,永和大王(黄村店)
2730889,上海市,奉贤区,永和大王(奉贤百齐路店)
2763319,广东省,深圳市,永和大王(星河国际店)
2867731,北京市,海淀区,永和大王(中关村四店)
2872522,广东省,深圳市,永和大王(友谊店)
3030604,上海市,青浦区,永和大王(徐泾店)
3045154,上海市,浦东新区,永和大王(张江高科店)
3147418,广东省,深圳市,永和大王(香缤店)
3594877,上海市,长宁区,永和大王(虹桥路店)
3875923,上海市,徐汇区,永和大王(东安店)
4043833,浙江省,杭州市,永和大王(双菱店)
4269256,广东省,惠州市,永和大王(陈江店)
4273400,浙江省,杭州市,永和大王(凤起路店)
4513221,广东省,深圳市,永和大王(兴业路店)
5283391,江苏省,南京市,永和大王(中山南路店)
5344852,湖北省,武汉市,永和大王(珞狮路店)
5390899,广东省,深圳市,永和大王(横岗店)
5418932,北京市,海淀区,永和大王(复兴路2店)
5418948,江苏省,南京市,永和大王(龙园西路店)
5445522,河北省,保定市,永和大王(津保路店)
5498606,黑龙江省,哈尔滨市,永和大王(先锋路店)
5589266,浙江省,杭州市,永和大王(秋涛路店)
5616214,江苏省,苏州市,永和大王(解放东路店)
58496377,北京市,大兴区,永和大王(富兴国际店)
5890727,江苏省,南京市,永和大王(汉中路店)
6096404,浙江省,杭州市,永和大王(运河广场店)
6108594,广东省,深圳市,永和大王(大梅沙店)
65969470,北京市,大兴区,永和大王绿地
67013973,广东省,汕头市,永和大王(毛家湾胡同店)
67140983,新疆维吾尔自治区,乌鲁木齐市,永和大王(民主路店)
68014328,云南省,昆明市,永和大王(昆明机场1店)
69296682,北京市,丰台区,永和大王(总部基地)
69365364,山东省,东营市,永和大王
69742114,广东省,深圳市,永和大王(莲花路店)
73623449,北京市,丰台区,永和大王(丰台园店)
75692185,浙江省,杭州市,永和大王(解放路店)
77649384,安徽省,滁州市,永和大王(no.2)
77661337,江苏省,镇江市,永和大王(火车站店)
7989161,江苏省,南通市,永和大王(工农路店)
8866465,上海市,闵行区,永和大王(莲花南路店)
9057814,湖北省,武汉市,永和大王(汉口站店)
91023657,上海市,徐汇区,永和大王(汇金奥特莱斯店)
13725566,北京市,西城区,永和大王(阜成门店)
14195189,上海市,静安区,永和大王(秣陵路2店)
14895374,广东省,深圳市,永和大王(龙城路店)
16965051,上海市,徐汇区,永和大王(乌鲁木齐中路店)
17868634,北京市,西城区,永和大王
17933349,广东省,深圳市,永和大王(高新中四道店)
19091213,天津市,和平区,永和大王(鞍山道店)
1928785,湖北省,武汉市,永和大王(中北店)
2000731,北京市,朝阳区,永和大王(华普店)
2032168,上海市,杨浦区,永和大王(控江路店)
2035897,广东省,深圳市,永和大王(地王店)
2036512,上海市,黄浦区,永和大王(瑞金路店)
2047381,北京市,海淀区,永和大王(中关三店)
20791276,江苏省,南京市,永和大王(艺术学院店)
2082088,上海市,浦东新区,永和大王(碧云路店)
21322528,江苏省,南京市,永和大王(南京南站2店)
2209081,北京市,海淀区,永和大王(中关二店)
2299534,北京市,顺义区,永和大王(首都机场T2店)
23723144,广东省,深圳市,永和大王(皇岗村店)
24819594,北京市,东城区,永和大王(东直门南小街店)
24933414,江苏省,南京市,永和大王(北京东路店)
2633431,上海市,徐汇区,永和大王(广元西路店)
2748298,北京市,东城区,永和大王(百荣世贸商城店)
3015748,江苏省,无锡市,永和大王(凤翔路店)
3279379,浙江省,杭州市,永和大王(学院店)
3344506,上海市,虹口区,永和大王(赤峰路店)
3550111,福建省,福州市,永和大王(东街店)
3682237,浙江省,杭州市,永和大王(城站店)
4096934,北京市,朝阳区,永和大王(朝阳北路店)
4122601,北京市,东城区,永和大王(东直门店)
4277567,上海市,闵行区,永和大王(虹桥高铁店)
4541577,北京市,东城区,永和大王(东四十条店)
4543887,北京市,朝阳区,永和大王(国贸桥店)
4557509,江苏省,南京市,永和大王(新街口一店)
4558127,天津市,河东区,永和大王(新开路店)
4697669,广东省,深圳市,永和大王(摩尔城店)
48478677,湖北省,武汉市,永和大王(汉中路)
50298226,上海市,闵行区,永和大王(虹桥高铁3店)
5054091,北京市,西城区,永和大王(新街口)
5145973,福建省,福州市,永和大王(元洪店)
5206112,广东省,深圳市,永和大王(东海店)
5216785,北京市,东城区,永和大王(东单北2店)
5218639,浙江省,宁波市,永和大王(百丈东路店)
522455,广东省,深圳市,永和大王(长城店)
536907,浙江省,杭州市,永和大王(庆春店)
5412259,北京市,延庆区,永和大王(八达岭店)
5417216,江苏省,苏州市,永和大王(苏州北站店)
5418979,江苏省,无锡市,永和大王(通江大道店)
5419042,山东省,潍坊市,永和大王(青年路店)
5432585,山东省,济南市,永和大王(经二路店)
5452673,江西省,南昌市,永和大王(民德路店)
5465435,山东省,泰安市,永和大王(龙潭路店)
5482491,黑龙江省,哈尔滨市,永和大王(建文街店)
5492890,江苏省,无锡市,永和大王(长江北路店)
5502290,湖南省,湘西土家族苗族自治州,永和大王(人民北路店)
569811,湖北省,武汉市,永和大王(江汉店)
57195646,湖北省,武汉市,永和大王(新佳丽广场店)
58133834,北京市,朝阳区,永和大王(朝阳路店)
6212740,浙江省,嘉兴市,永和大王(施家南路店)
63279349,广东省,揭阳市,永和大王(赤华北路店)
66192291,江苏省,苏州市,永和大王道前街餐厅
66521729,上海市,松江区,永和大王(松江大学店)
67437188,上海市,普陀区,永和大王(金沙江路店)
69026512,北京市,朝阳区,永和大王(安贞路分店)
69481966,云南省,西双版纳傣族自治州,永和大王(西双版纳嘎洒机场店)
76751042,江苏省,南京市,永和大王(南京南站1店)
79211666,广东省,深圳市,永和大王 坂田
79230123,江苏省,南京市,永和大王(南京儿童医院店)
79865768,江苏省,宿迁市,永和大王
8972944,浙江省,温州市,永和大王(温州南站店)
90025551,江苏省,南京市,永和大王
90510901,北京市,海淀区,永和大王(上地东路店)
9156278,广东省,东莞市,永和大王(港口路店)
9387291,上海市,浦东新区,永和大王(杨高中路店)
15928033,上海市,黄浦区,永和大王(瞿溪路店)
16002390,浙江省,杭州市,永和大王(北山路店)
19110598,湖北省,武汉市,永和大王(后湖大道店)
19254544,广东省,深圳市,永和大王(坂田店)
21115574,江苏省,南京市,永和大王(明基医院店)
21255303,上海市,静安区,永和大王(宝山路店)
21322487,北京市,大兴区,永和大王亦庄(加盟店)
21322543,广东省,深圳市,永和大王(南湾店)
2209585,辽宁省,沈阳市,永和大王(文艺店)
2217499,北京市,海淀区,永和大王(军博店)
2437120,上海市,长宁区,永和大王(公园店)
2527897,广东省,深圳市,永和大王(花好园店)
2648440,江苏省,南京市,永和大王(将军大道店)
2678710,北京市,西城区,永和大王(车公庄店)
2772478,辽宁省,大连市,永和大王(黄河路店)
2875501,广东省,深圳市,永和大王(海富店)
2892958,北京市,海淀区,永和大王(花园店)
3079387,浙江省,杭州市,永和大王(金海城店)
3343144,上海市,闵行区,永和大王(万源路店)
3466129,浙江省,杭州市,永和大王(武林路店)
4018357,北京市,朝阳区,永和大王(朝阳体育馆店)
4199625,上海市,闵行区,永和大王(南方店)
4291228,上海市,徐汇区,永和大王(宜山店)
44103256,江苏省,无锡市,永和大王(寿山路店)
4526066,北京市,通州区,永和大王(运河西路店)
5222785,浙江省,舟山市,永和大王(东港店)
522459,广东省,深圳市,永和大王(宝安店)
5298090,河南省,郑州市,永和大王(郑州站店)
5385446,浙江省,嘉兴市,永和大王(海宁皮革城店)
5394018,辽宁省,葫芦岛市,永和大王(龙湾大街店)
5399051,浙江省,杭州市,永和大王(莲花街店)
540882,江苏省,苏州市,永和大王(三香店)
5451368,安徽省,宣城市,永和大王(人民路店)
5456190,北京市,丰台区,永和大王(乐天玛特店)
54690067,上海市,闵行区,永和大王(诸新路店)
5503248,河北省,保定市,永和大王(东兴南路店)
5580854,江西省,吉安市,永和大王(白鹭州东路店)
5584181,江苏省,常州市,永和大王(万博广场店)
5656104,湖北省,武汉市,永和大王(京汉大道店)
584902,北京市,丰台区,永和大王(科兴店)
58496050,北京市,丰台区,永和大王(北京南站店)
5858304,河北省,石家庄市,永和大王(中山东路店)
587067,北京市,西城区,永和大王(白广店)
6499414,北京市,朝阳区,永和大王(定福庄店)
66873650,北京市,昌平区,永和大王(回龙观店)
66931020,浙江省,绍兴市,永和大王(市民大道店)
6797936,上海市,松江区,永和大王(梅家浜店)
69087608,云南省,昆明市,永和大王
71445865,福建省,厦门市,永和大王(湾悦城店)
72335808,北京市,朝阳区,永和大王(建国路SOHO现代城店)
83525963,上海市,长宁区,永和大王上海虹桥国际机场(T1)
8703917,辽宁省,阜新市,永和大王(中华路店)
9072271,广东省,东莞市,永和大王(常平店)
91626339,海南省,三亚市,永和大王
9204873,广东省,深圳市,永和大王(固戍店)
13856430,北京市,朝阳区,永和大王(凯德MALL店)
17158838,上海市,青浦区,永和大王(公园东路店)
17569156,上海市,浦东新区,永和大王(浦东机场T2店)
18517895,北京市,怀柔区,永和大王(怀柔餐厅店)
1894714,北京市,海淀区,永和大王(双榆店)
1909438,浙江省,杭州市,永和大王(吴山店)
2032153,上海市,黄浦区,永和大王(新世界城店)
2032171,上海市,普陀区,永和大王(万里店)
2032174,上海市,静安区,永和大王(西康路店)
21111498,上海市,松江区,永和大王(九亭店)
2122624,上海市,浦东新区,永和大王(龙阳路店)
21322509,浙江省,杭州市,永和大王(东站店)
21322533,上海市,徐汇区,永和大王(上海南站2号店)
21322545,广东省,深圳市,永和大王(龙翔大道店)
2229370,北京市,朝阳区,永和大王(贵友店)
22375125,上海市,静安区,永和大王(苏河一号店)
2245696,广东省,深圳市,永和大王(万佳店)
22637024,上海市,静安区,永和大王(延长中路店)
2283334,上海市,普陀区,永和大王(武宁路店)
23481347,浙江省,杭州市,永和大王(滨盛路二店)
2417164,北京市,朝阳区,永和大王(建外SOHO店)
2480110,北京市,通州区,永和大王(新华店)
2600209,上海市,普陀区,永和大王(长寿路店)
2806330,辽宁省,沈阳市,永和大王(悦宾街店)
2933290,安徽省,合肥市,永和大王(美菱大道店)
2933449,北京市,石景山区,永和大王(石景山店)
3045952,上海市,黄浦区,永和大王(陆家浜路店)
3215812,北京市,西城区,永和大王(复兴门店)
32269718,湖北省,武汉市,永和大王(欧亚达国际广场汉口店)
32344170,浙江省,台州市,永和大王(台州高铁店)
3268594,上海市,浦东新区,永和大王(妙境路店)
32844763,福建省,泉州市,永和大王(泉州新华北路店)
3331990,广东省,深圳市,永和大王(景田店)
3480883,上海市,徐汇区,永和大王(漕溪路店)
3522301,天津市,河北区,永和大王(建国道店)
4221966,上海市,静安区,永和大王(梅园店)
4288702,上海市,金山区,永和大王(金山百联店)
4513218,广东省,深圳市,永和大王(新保辉店)
4544177,江苏省,常州市,永和大王(勤业路店)
45582149,浙江省,温州市,永和大王(锦绣路店)
4560059,北京市,海淀区,永和大王(北三环西路店)
45684399,河北省,沧州市,永和大王(沧州同天店)
4693483,北京市,东城区,永和大王(北京站店)
4703331,广东省,珠海市,永和大王(吉大店)
5190256,上海市,浦东新区,永和大王(浦东南路店)
522451,广东省,深圳市,永和大王(福星店)
5240574,上海市,浦东新区,永和大王(苗圃店)
5358706,湖北省,武汉市,永和大王(香港路店)
5382858,浙江省,绍兴市,永和大王(胜利东路店)
5390880,广东省,深圳市,永和大王(碧榕湾店)
5390902,广东省,深圳市,永和大王(创业路店)
5419008,浙江省,嘉兴市,永和大王(泾水路店)
5419529,上海市,浦东新区,永和大王(五莲路店)
5424094,广东省,深圳市,永和大王(人民南店)
5428249,广东省,东莞市,永和大王(胜和路店)
5434630,河北省,衡水市,永和大王(人民路店)
5460502,江苏省,徐州市,永和大王(朝阳市场店)
5463777,上海市,浦东新区,永和大王(万嘉商业广场店)
5466066,湖南省,岳阳市,永和大王(站前路店)
5505892,江苏省,徐州市,永和大王(粮市东街店)
554856,山东省,青岛市,永和大王(润城店)
5609664,浙江省,舟山市,永和大王(临城店)
5640858,上海市,松江区,永和大王(鹿都国际商业广场店)
57322379,上海市,虹口区,永和大王(甘河(岳阳医院）店)
5732968,上海市,嘉定区,永和大王(平城路店)
5744029,上海市,徐汇区,永和大王(沪闵路店)
57702140,江苏省,无锡市,永和大王(中山路店)
5993039,上海市,青浦区,永和大王(青浦公园店)
6040539,江苏省,苏州市,永和大王(星塘街店)
6187069,广东省,深圳市,永和大王(华强店)
6256780,天津市,河东区,永和大王(中山门店)
66220437,福建省,福州市,永和大王(北三环路店)
66367689,浙江省,绍兴市,永和大王(颐高店)
72479730,河南省,郑州市,永和大王
73623444,湖北省,孝感市,永和大王(郑州站店)
73623445,浙江省,台州市,永和大王(温岭火车站店)
73623447,辽宁省,鞍山市,永和大王(永安路店)
74041069,浙江省,嘉兴市,永和大王(长安服务区南店)
77261143,上海市,静安区,永和大王(江场西路店)
77840235,广东省,广州市,永和大王(广州东站店)
8683388,辽宁省,沈阳市,永和大王(南京南街店)
9201614,广东省,深圳市,永和大王(锦花店)
92276083,江苏省,苏州市,永和大王
