﻿shopId,lv1Name,lv2Name,shopName
15090555,上海市,青浦区,味千拉面(沪青平公路二分店)
15909153,湖北省,武汉市,味千拉面(和平大道店)
17514130,福建省,厦门市,味千拉面(厦门海沧滨湖路分店)
17789574,湖北省,武汉市,味千拉面(徐东大街分店)
18185305,浙江省,台州市,味千拉面(台州天和路分店)
18567345,上海市,浦东新区,味千拉面(巨峰路紫茂广场分店)
1929118,上海市,浦东新区,味千拉面(上海蓝天路店)
2033164,上海市,普陀区,味千拉面(百联真光路店)
20715907,江苏省,南京市,味千拉面(禄口机场t2航站楼店)
2089717,四川省,成都市,味千拉面(新世界百货店)
2095954,山东省,青岛市,味千拉面(永旺店)
21088229,上海市,青浦区,味千拉面(吾悦广场店)
21211763,重庆市,江北区,味千拉面(阳光世纪购物中心店)
21266182,黑龙江省,大庆市,味千拉面(大庆昆仑大街店)
2198164,广东省,东莞市,味千拉面(东莞长安明珠广场分店)
2198170,广东省,深圳市,味千拉面(深圳罗湖火车站分店)
2198173,广东省,深圳市,味千拉面(深圳梅林新世界店)
2245273,安徽省,合肥市,味千拉面(百盛店)
22993263,黑龙江省,哈尔滨市,味千拉面(三大动力路店)
2349331,江苏省,无锡市,味千拉面(无锡红星路分店)
23619600,北京市,朝阳区,味千拉面(BHG百货安贞店)
2366209,湖南省,长沙市,味千拉面(长沙平和堂店)
2367088,江苏省,南京市,味千拉面(南京珠江路分店)
2395930,上海市,普陀区,味千拉面(巴黎春天金沙江路店)
24068602,广东省,深圳市,味千拉面(沙井书城店)
2407372,云南省,昆明市,味千拉面(百大新天地店)
2435848,北京市,顺义区,味千拉面(机场T3店)
2491801,山东省,济南市,味千拉面(嘉华购物广场店)
2561377,福建省,泉州市,味千拉面(泉州大洋分店)
26223435,北京市,顺义区,味千拉面(新世界百货顺义店)
2680600,江苏省,南京市,味千拉面(南京秦淮路店)
27305143,上海市,黄浦区,味千拉面(汇暻生活广场店)
2749510,江苏省,苏州市,味千拉面(常熟海虞南路分店)
2928508,上海市,浦东新区,味千拉面(龙阳店)
3193462,上海市,静安区,味千拉面(上海王子百货店)
32467610,黑龙江省,齐齐哈尔市,味千拉面(东四道街店)
3276349,香港特别行政区,荃湾区,味千拉面(荃湾众安街店)
3278917,上海市,金山区,味千拉面(上海朱泾店)
3319735,湖北省,武汉市,味千拉面(武汉中北路店)
3444226,湖南省,湘潭市,味千拉面(湘潭建设路店)
3452827,陕西省,西安市,味千拉面(西安雁塔南路店)
3477967,山东省,青岛市,味千拉面(青岛城阳文阳路店)
3511540,上海市,浦东新区,味千拉面(金桥国际广场店)
3648148,云南省,昆明市,味千拉面(顺城购物中心店)
3655408,浙江省,杭州市,味千拉面(杭州印象城店)
37784833,香港特别行政区,大埔区,味千拉面
3881437,广东省,惠州市,味千拉面(惠州淡水嘉信茂广场分店)
40036900,河南省,信阳市,味千拉面(千佛庵中路店)
40851257,广东省,深圳市,味千拉面
4110758,上海市,黄浦区,味千拉面(日月光中心广场店)
4194117,北京市,朝阳区,味千拉面(朝阳霄云路店)
4297500,四川省,成都市,味千拉面(成都苏坡东路店)
44388758,上海市,闵行区,味千拉面(龙盛国际商业广场店)
4516436,上海市,浦东新区,味千拉面(长岛路分店)
4522646,浙江省,宁波市,味千拉面(世纪东方店)
4558277,广东省,广州市,味千拉面(广州番禺大北路分店)
4562150,上海市,浦东新区,味千拉面(上海高科西路分店)
45834420,江苏省,南通市,味千拉面(西南角万达广场店)
4659030,福建省,厦门市,味千拉面(富万邦店)
4690498,上海市,松江区,味千拉面(三湘商业广场店)
4720771,上海市,宝山区,味千拉面(世华广场店)
501107,上海市,徐汇区,味千拉面(上海田林店)
50348374,上海市,杨浦区,味千拉面(万达广场店)
5173548,广西壮族自治区,柳州市,味千拉面(柳州五星街路分店)
5189060,重庆市,渝中区,味千拉面(日月光中心广场店)
5224024,上海市,浦东新区,味千拉面(万嘉商业广场店)
5238784,上海市,宝山区,味千拉面(上海场中路分店)
5246866,江苏省,苏州市,味千拉面(苏州玉山乐购店)
5270060,广东省,惠州市,味千拉面(惠州文昌一路分店)
5324004,江苏省,镇江市,味千拉面(镇江万达广场店)
5383520,黑龙江省,哈尔滨市,味千拉面(松雷商业南岗店)
5408156,江西省,赣州市,味千拉面(赣州九方商业城店)
541170,江苏省,苏州市,味千拉面(常熟方塔东街分店)
5504208,北京市,石景山区,味千拉面(石景山阜石路店)
554658,山东省,青岛市,味千拉面(青岛家乐福店)
5607018,广东省,深圳市,味千拉面(乐淘里店)
5639587,河北省,唐山市,味千拉面(新华东道店)
5645351,广东省,深圳市,味千拉面(深圳龙华东环一路分店)
5655137,安徽省,合肥市,味千拉面(大唐店)
5674230,浙江省,嘉兴市,味千拉面(嘉善大润发店)
569331,广东省,珠海市,味千拉面(珠海昌盛店)
57182735,上海市,普陀区,味千拉面(上海光新路乐购店)
57232196,海南省,三亚市,味千拉面(龙海路店)
5743349,广东省,广州市,味千拉面(万达广场店)
580309,上海市,浦东新区,味千拉面(新梅联合广场店)
58430780,辽宁省,沈阳市,味千拉面(兴隆大都汇店)
58807968,广西壮族自治区,南宁市,味千拉面(航洋国际广场店)
6013870,上海市,徐汇区,味千拉面(光启城时尚购物中心店)
6111032,浙江省,杭州市,味千拉面(萧山恒隆广场店)
6197392,福建省,厦门市,味千拉面(厦门祥店分店)
63933627,四川省,广元市,味千拉面(人民东街店)
65134438,湖北省,黄冈市,味千拉面(盛地沃尔玛广场店)
65433353,重庆市,江北区,味千拉面(庆北城天街分店)
65489958,广东省,江门市,味千拉面(万达广场店)
6608867,香港特别行政区,沙田区,味千拉面(第一城中心店)
66966285,北京市,通州区,味千拉面(万达广场店)
67248478,广东省,湛江市,味千拉面(万达广场店)
67864826,福建省,厦门市,味千拉面(体育路分店)
67864832,福建省,泉州市,味千拉面(世纪大道万达广场分店)
67864842,福建省,莆田市,味千拉面(万达分店)
68041183,江苏省,盐城市,味千拉面(五洲国际店)
68936709,浙江省,台州市,味千拉面
69277175,福建省,厦门市,味千拉面
69630474,山东省,日照市,味千拉面
73568260,山东省,滨州市,味千拉面
75148837,海南省,海口市,味千拉面
75740648,北京市,朝阳区,味千拉面(世贸天街店)
76375011,辽宁省,沈阳市,味千拉面(一方店)
81267586,上海市,普陀区,味千拉面(成山店)
8672806,辽宁省,沈阳市,味千拉面(营盘北街店)
8832489,山西省,太原市,味千拉面(太原柳巷店)
8872845,安徽省,芜湖市,味千拉面(芜湖华亿店)
8912555,浙江省,杭州市,味千拉面(萧山机场T3店)
91943986,江苏省,苏州市,味千拉面
92369863,海南省,三亚市,味千拉面(天成店)
9298420,新疆维吾尔自治区,乌鲁木齐市,味千拉面(乌鲁木齐友好北路餐厅)
9681795,江苏省,泰州市,味千拉面(泰州万达广场店)
9939854,新疆维吾尔自治区,乌鲁木齐市,味千拉面(友好二店)
13873249,浙江省,杭州市,味千拉面(城西银泰城店)
16577602,江苏省,南京市,味千拉面亚洲(苏宁环球购物中心店)
16982082,天津市,西青区,味千拉面(天津梅江永旺店)
18185419,江西省,吉安市,味千拉面(吉安广场北路店)
19158288,北京市,海淀区,味千拉面(中关村家乐福店)
1939183,上海市,徐汇区,味千拉面(上海博学楼店)
1943566,上海市,浦东新区,味千拉面(上海川沙店)
1947571,江苏省,南京市,味千拉面(南京新百店)
19707942,广东省,深圳市,味千拉面(深圳欢乐谷分店)
19708019,重庆市,渝北区,味千拉面(金港国际购物中心店)
19708026,上海市,宝山区,味千拉面(上海同泰店)
2044801,山东省,潍坊市,味千拉面(山东潍坊圣荣店)
21331812,上海市,松江区,味千拉面(上海沪松公路分店)
21585097,上海市,普陀区,味千拉面(近铁城市广场店)
2194489,江苏省,苏州市,味千拉面(苏州长江路分店)
2225242,上海市,嘉定区,味千拉面(罗宾森购物中心店)
2226625,广东省,深圳市,味千拉面(海伦广场店)
2295049,上海市,普陀区,味千拉面(上海万里店)
2384914,北京市,西城区,味千拉面(西单大悦城店)
2396119,四川省,成都市,味千拉面(成都欧尚站华店)
2415655,上海市,宝山区,味千拉面(北斗星商业广场店)
2452102,上海市,浦东新区,味千拉面(浦东国际机场T2店)
2542351,上海市,闵行区,味千拉面(凯德七宝购物广场店)
2586982,福建省,福州市,味千拉面(福州正大广场分店)
2600308,陕西省,西安市,味千拉面(西安立丰广场店)
2697259,江苏省,扬州市,味千拉面(京华城店)
2724889,福建省,厦门市,味千拉面(湖滨南路店)
27534632,北京市,丰台区,味千拉面(丰葆路店)
2773993,湖北省,武汉市,味千拉面(常青店)
2775316,江苏省,苏州市,味千拉面(太仓人民南路分店)
2832427,湖北省,武汉市,味千拉面(群光店)
2851399,北京市,昌平区,味千拉面(永旺国际北清路店)
2925892,江苏省,无锡市,味千拉面(无锡华润万家店)
2949067,重庆市,渝北区,味千拉面(新牌坊店)
3196258,上海市,普陀区,味千拉面(武宁路店)
32518284,上海市,松江区,味千拉面(新理想广场店)
3267523,山东省,青岛市,味千拉面(丽达商场店)
3276409,香港特别行政区,南区,味千拉面(香港仔店)
3364432,江苏省,常州市,味千拉面(常州通江中路分店)
3366190,上海市,虹口区,味千拉面(嘉杰国际商业广场店)
3433924,陕西省,西安市,味千拉面(大洋百货店)
3444232,上海市,闵行区,味千拉面(上海繁兴路店)
3495274,上海市,杨浦区,味千拉面(上海国定路三号湾店)
3647965,四川省,成都市,味千拉面(成都红牌楼家乐福店)
3663943,广东省,肇庆市,味千拉面(肇庆端州四路店)
3683206,江苏省,苏州市,味千拉面(苏州格瑞印象城店)
3714856,安徽省,合肥市,味千拉面(合肥元一店)
37913358,香港特别行政区,深水埗区,味千拉面(香港達之路店)
38203197,广东省,深圳市,味千拉面(观澜湖新城店)
3881455,河北省,石家庄市,味千拉面(万象天成店)
39817404,广东省,汕头市,味千拉面(合胜店)
4072729,山东省,青岛市,味千拉面(百丽广场店)
41532668,山东省,菏泽市,味千拉面(牡丹路店)
4182627,上海市,长宁区,味千拉面(汇金百货虹桥店)
4189749,上海市,青浦区,味千拉面(上海沪青平公路分店)
4209849,福建省,漳州市,味千拉面(新华北路店)
4214817,上海市,闵行区,味千拉面(虹桥高铁店)
4214821,浙江省,杭州市,味千拉面(杭州富阳银泰店)
4280338,浙江省,杭州市,味千拉面
4285826,海南省,海口市,味千拉面(海口红城湖店)
43632532,广东省,广州市,味千拉面
4501609,浙江省,杭州市,味千拉面(杭州滨江星光大道店)
4559961,安徽省,合肥市,味千拉面(合肥万达店)
4672225,浙江省,湖州市,味千拉面(湖州爱山广场店)
4739463,贵州省,贵阳市,味千拉面(贵阳金阳南路分店)
48941814,浙江省,宁波市,味千拉面(环球城店)
504302,上海市,长宁区,味千拉面(百联西郊购物中心店)
506734,上海市,浦东新区,味千拉面(正大生活馆店)
50761121,香港特别行政区,中西区,味千拉面(ifc)
5132753,江苏省,苏州市,味千拉面(吴江沃尔玛店)
5192141,上海市,虹口区,味千拉面(广灵四路店)
5221876,江苏省,南京市,味千拉面(南京国际金融中心店)
5253378,山东省,济南市,味千拉面(济南工业南路店)
5268173,上海市,宝山区,味千拉面(安信商业广场店)
5323164,内蒙古自治区,呼和浩特市,味千拉面(维多利购物中心店)
5346280,宁夏回族自治区,银川市,味千拉面(银川万达正源北街分店)
5364306,河北省,石家庄市,味千拉面(石家庄万达店)
537800,浙江省,杭州市,味千拉面(杭州曙光路分店)
5435103,黑龙江省,大庆市,味千拉面(东风路店)
5483870,福建省,福州市,味千拉面(万达广场店)
5503262,黑龙江省,哈尔滨市,味千拉面(哈尔滨中央大街店)
5557222,湖北省,襄阳市,味千拉面(襄樊长虹北路分店)
5645342,广东省,深圳市,味千拉面(深圳深湾二路分店)
5645355,广东省,深圳市,味千拉面(深圳解放路分店)
56700289,吉林省,长春市,味千拉面(开运街店)
57285394,上海市,静安区,味千拉面(大宁国际商业广场店)
5735896,陕西省,西安市,味千拉面(火车北站店)
5743299,广东省,佛山市,味千拉面(佛山顺德大良清晖路分店)
57741046,浙江省,绍兴市,味千拉面
57911333,广东省,广州市,味千拉面(万菱汇店)
58197390,江苏省,无锡市,味千拉面(英特宜家店)
5858929,上海市,闵行区,味千拉面(上海吴中路分店)
59140418,福建省,宁德市,味千拉面(宁德分店)
6026852,广东省,汕尾市,味千拉面(汕尾大道分店)
6058477,山东省,烟台市,味千拉面(烟台南大街店)
6118029,湖南省,娄底市,味千拉面(娄底氏星路分店)
61615691,四川省,成都市,味千拉面
6162646,广东省,河源市,味千拉面(河源中山路分店)
6199277,陕西省,西安市,味千拉面(西安万达广场分店)
6240806,天津市,河西区,味千拉面(银河国际店)
6247381,上海市,普陀区,味千拉面(新邻天地店)
6251340,上海市,松江区,味千拉面(上海松江培训中心店)
6313212,黑龙江省,哈尔滨市,味千拉面(新汇店)
65794835,上海市,浦东新区,味千拉面(杨思路分店)
66256786,江苏省,扬州市,味千拉面(三盛广场店)
6661772,河北省,廊坊市,味千拉面(廊坊万达店)
66803026,江苏省,苏州市,味千拉面(吴江盛泽财富中心店)
67393371,北京市,大兴区,味千拉面(龙湖大兴天街店)
67729480,浙江省,衢州市,味千拉面
67846409,云南省,昆明市,味千拉面(大都摩天店)
67850766,河南省,洛阳市,味千拉面(辽宁路)
67864812,湖南省,岳阳市,味千拉面(学院路分店)
67864827,江西省,九江市,味千拉面(长虹西大道分店)
67898489,广东省,深圳市,味千拉面(龙华东环二路分店)
68229829,海南省,三亚市,味千拉面(大菠萝店)
68960983,江苏省,南京市,味千拉面(环宇城店)
69383826,广东省,广州市,味千拉面
16835213,上海市,静安区,味千拉面(上海环龙店)
16981675,浙江省,嘉兴市,味千拉面(海宁银泰分店)
17653479,上海市,宝山区,味千拉面(上海通河路分店)
18084564,浙江省,台州市,味千拉面(临海东方大道店)
18198749,北京市,朝阳区,味千拉面(蓝色港湾店)
18662199,上海市,徐汇区,味千拉面(中星城店)
19158661,北京市,朝阳区,味千拉面(遛99遛弯淘宝店店)
1956559,上海市,浦东新区,味千拉面(东方明珠店)
19694625,上海市,浦东新区,味千拉面(上海新园路分店)
19707898,浙江省,台州市,味千拉面(温岭锦屏路分店)
19707913,重庆市,渝北区,味千拉面(重庆泰山大道分店)
19707956,上海市,青浦区,味千拉面(祥凝浜路分店)
2025073,北京市,海淀区,味千拉面(新中关购物中心店)
2053318,上海市,杨浦区,味千拉面(又一城店)
2062765,上海市,虹口区,味千拉面(上海曲阳店)
20771307,上海市,闵行区,味千拉面(上海鹤庆路分店)
21064694,上海市,嘉定区,味千拉面(江桥老街店)
2114542,上海市,黄浦区,味千拉面(上海先施店)
22048952,江苏省,南京市,味千拉面(万达广场店)
2301610,北京市,西城区,味千拉面(金融街店)
2308609,上海市,闵行区,味千拉面(新都会店)
2316262,浙江省,杭州市,味千拉面(杭州华商店)
2380099,广东省,东莞市,味千拉面(东莞财富广场餐厅)
2407705,上海市,虹口区,味千拉面(上海凉城店)
2424883,四川省,成都市,味千拉面(成都乐宾店)
2573176,上海市,青浦区,味千拉面(公园路店)
2642773,云南省,昆明市,味千拉面(金格中心金龙店)
2719441,广东省,深圳市,味千拉面(益田假日广场店)
2783938,四川省,绵阳市,味千拉面(临园路分店)
2802064,广东省,中山市,味千拉面(中山假日广场店)
2893639,北京市,石景山区,味千拉面(万达广场石景山店)
2963374,四川省,成都市,味千拉面(COSMO财富中心店)
2964739,江苏省,无锡市,味千拉面(百脑汇店)
3123031,北京市,朝阳区,味千拉面(悠唐购物中心店)
3134587,广西壮族自治区,南宁市,味千拉面(南宁民族店)
3175948,辽宁省,沈阳市,味千拉面(大悦城店)
3181447,浙江省,宁波市,味千拉面(中兴店)
32321140,黑龙江省,哈尔滨市,味千拉面
3276313,香港特别行政区,油尖旺区,味千拉面(弥敦道店)
3276484,香港特别行政区,中西区,味千拉面(信德中心店)
3329665,广东省,深圳市,味千拉面(深圳横岗志健)
3329668,广东省,深圳市,味千拉面(君逸世家店)
3364405,江苏省,苏州市,味千拉面(常熟新颜东路分店)
3364408,江苏省,苏州市,味千拉面(东环路店)
3364441,江苏省,常州市,味千拉面(常州关河东路分店)
3380302,上海市,杨浦区,味千拉面(大润发店)
3562654,广东省,广州市,味千拉面(体育西路店)
3640501,陕西省,西安市,味千拉面(万达广场店)
3658435,广东省,广州市,味千拉面(广州中华广场店)
3664660,重庆市,九龙坡区,味千拉面(重庆袁家岗店)
3881452,陕西省,西安市,味千拉面(西安科技路分店)
4023148,福建省,厦门市,味千拉面(老虎城店)
4065115,浙江省,杭州市,味千拉面(万象城购物中心店)
4080688,上海市,奉贤区,味千拉面(上海奉贤大润发店)
41237196,内蒙古自治区,呼和浩特市,味千拉面(呼和浩特机场店)
4124446,山东省,泰安市,味千拉面(山东泰安东岳大街店)
4125682,广东省,广州市,味千拉面(大沙西路分店)
4173436,江苏省,南京市,味千拉面(新城市广场店)
4174964,上海市,浦东新区,味千拉面(巴黎春天浦建店)
4217512,广东省,中山市,味千拉面(古镇店)
44371940,吉林省,长春市,味千拉面(欢乐城店)
4546528,上海市,浦东新区,味千拉面(高青路分店)
4556431,上海市,静安区,味千拉面(大悦城店)
4558825,四川省,成都市,味千拉面(元华路分店)
45635403,江苏省,苏州市,味千拉面(常嘉高速店)
4741811,上海市,浦东新区,味千拉面(上南路二分店)
48405373,上海市,闵行区,味千拉面(诸翟店)
48497132,宁夏回族自治区,银川市,味千拉面(西夏万达店)
501108,上海市,浦东新区,味千拉面(正大广场店)
501109,上海市,闵行区,味千拉面(星钻城店)
51710641,江苏省,南京市,味千拉面(汤山奥特莱斯店)
522421,广东省,深圳市,味千拉面(深圳南山金宝花园分店)
52343627,香港特别行政区,北区,味千拉面(上水汇店)
5246673,浙江省,湖州市,味千拉面(湖州德清沃尔玛店)
5251580,江苏省,淮安市,味千拉面(淮安万达店)
5255337,江苏省,苏州市,味千拉面(天虹百货店)
5281038,广东省,佛山市,味千拉面(佛山灯湖东路分店)
5300931,上海市,浦东新区,味千拉面(上海齐河路分店)
5305144,江苏省,南京市,味千拉面(迈皋桥沃尔玛店)
5316455,广东省,广州市,味千拉面(南站店)
5424112,湖南省,长沙市,味千拉面(长沙黄兴中路分店)
5580096,江苏省,苏州市,味千拉面(昆山千灯尚书东路大润发)
5589311,湖北省,武汉市,味千拉面(盘龙大道店)
5596906,浙江省,舟山市,味千拉面(舟山新城海宇道分店)
5603394,安徽省,芜湖市,味千拉面(芜湖大润发店)
5674141,浙江省,宁波市,味千拉面(慈溪青少年宫南路分店)
5705429,山东省,青岛市,味千拉面(青岛香港东路店)
5745581,上海市,浦东新区,味千拉面(上海龙阳路磁悬浮店)
5861872,上海市,嘉定区,味千拉面(嘉亭荟城市生活广场店)
5869849,福建省,漳州市,味千拉面(漳州凯德分店)
58771846,辽宁省,沈阳市,味千拉面(积家购物中心店)
5925489,江苏省,无锡市,味千拉面(宜兴大润发店)
6015330,福建省,厦门市,味千拉面(厦门湖里万达分店)
6138947,江苏省,南通市,味千拉面(南通中南世纪城店)
6144338,山东省,济宁市,味千拉面(永旺店)
65864559,河南省,郑州市,味千拉面(丹尼斯百货花园路店)
66215723,河南省,开封市,味千拉面(星光天地店)
66953201,香港特别行政区,离岛区,味千拉面(机场店)
67390304,北京市,大兴区,味千拉面(旧宫万科店)
67725513,山东省,聊城市,味千拉面
67864798,湖北省,武汉市,味千拉面(珞瑜路二店)
67864841,福建省,福州市,味千拉面(东二环泰禾广场分店)
67864844,福建省,厦门市,味千拉面(厦禾路分店)
68189771,河南省,郑州市,味千拉面
68493198,江西省,南昌市,味千拉面(云锦路店)
69213656,安徽省,合肥市,味千拉面
70838512,广东省,清远市,味千拉面
72470668,山东省,潍坊市,味千拉面(万达店)
76682477,山东省,烟台市,味千拉面
77366685,黑龙江省,哈尔滨市,味千拉面
77677043,湖北省,武汉市,味千拉面(新唐万科广场店)
79879213,河北省,秦皇岛市,味千拉面
79962969,湖北省,襄阳市,味千拉面(天元四季城店)
80357042,江苏省,苏州市,味千拉面
8072566,江苏省,苏州市,味千拉面(昆山世茂广场店)
83461044,北京市,丰台区,味千拉面
8695014,江苏省,苏州市,味千拉面(喜游城店)
8892445,江苏省,常州市,味千拉面(溧阳上河城店)
9951930,浙江省,杭州市,味千拉面(杭州五常大道店)
13779538,北京市,海淀区,味千拉面(北京海淀西苑店)
15919334,广东省,深圳市,味千拉面(宝安机场T3店)
18184811,吉林省,吉林市,味千拉面(吉林大街店)
18219481,上海市,青浦区,味千拉面(上海公园东路分店)
19566305,北京市,朝阳区,味千拉面(长楹天街购物中心店)
19707987,浙江省,杭州市,味千拉面(高铁东站分店)
1996432,广东省,东莞市,味千拉面(东莞世博餐厅)
2135137,上海市,虹口区,味千拉面(瑞虹生活广场店)
2257837,福建省,厦门市,味千拉面(瑞景商业广场店)
2275705,上海市,浦东新区,味千拉面(世纪联华上海外高桥店)
23024366,上海市,长宁区,味千拉面(上海水城南路店)
2307664,江西省,南昌市,味千拉面(解放西路店)
2310946,上海市,浦东新区,味千拉面(上海新金桥店)
2324440,四川省,成都市,味千拉面(成都春熙阳光店)
2380927,广东省,广州市,味千拉面(天娱广场店)
2388013,上海市,宝山区,味千拉面(淞南购物中心店)
2456059,广东省,韶关市,味千拉面(韶关风度名城店)
24646796,重庆市,九龙坡区,味千拉面(万象城店)
24951920,广东省,广州市,味千拉面(永旺梦乐城店)
25031664,福建省,厦门市,味千拉面(乐海广场店)
2629162,广东省,江门市,味千拉面(新之城店)
27320219,黑龙江省,哈尔滨市,味千拉面(红博会展店)
27339838,广东省,汕头市,味千拉面(苏宁广场店)
27434875,陕西省,咸阳市,味千拉面
27437822,江苏省,镇江市,味千拉面(新民东路店)
2978614,上海市,浦东新区,味千拉面(云桥路店)
2993059,云南省,昆明市,味千拉面(新西南店)
3014146,上海市,普陀区,味千拉面(长寿店)
32491068,福建省,泉州市,味千拉面(泰禾广场店)
32491366,浙江省,温州市,味千拉面(梦多多店)
3276433,香港特别行政区,湾仔区,味千拉面(告士打道店)
3276448,香港特别行政区,油尖旺区,味千拉面(新港中心店)
3370093,辽宁省,大连市,味千拉面(大连安盛店)
3505990,辽宁省,沈阳市,味千拉面(沈阳太原街店)
3866743,江苏省,无锡市,味千拉面(无锡宝龙店)
4068886,上海市,宝山区,味千拉面(华灵路店)
4080697,浙江省,宁波市,味千拉面(宁波华润店)
4114953,浙江省,杭州市,味千拉面(杭州庆春乐购店)
4209847,浙江省,宁波市,味千拉面(慈溪华润万家店)
4209851,广东省,江门市,味千拉面(江门迎宾大道分店)
4226481,广东省,广州市,味千拉面(天河城店)
4526137,上海市,普陀区,味千拉面(铜川路店)
4527143,山东省,济南市,味千拉面(济南市经十路店)
4534164,内蒙古自治区,呼和浩特市,味千拉面(呼市浩特万达店)
4556884,广东省,广州市,味千拉面(万达广场白云店)
4558443,上海市,普陀区,味千拉面(长寿路三分店)
4670797,北京市,海淀区,味千拉面(大钟寺家乐福店)
4699242,上海市,宝山区,味千拉面(上海大华虎城店)
4726208,广东省,东莞市,味千拉面(汇一城店)
506058,上海市,黄浦区,味千拉面(新世界城店)
5101464,上海市,嘉定区,味千拉面(上海金沙江西路分店)
5172801,上海市,嘉定区,味千拉面(上海嘉定城中路二分店)
5198077,山东省,淄博市,味千拉面(淄博利群店)
5217312,上海市,虹口区,味千拉面(赤峰路店)
522418,广东省,深圳市,味千拉面(深圳华强北店)
5289965,青海省,西宁市,味千拉面(西宁长江路分店)
5406760,上海市,徐汇区,味千拉面(老沪闵路店)
5412274,陕西省,西安市,味千拉面(西安唐延路分店)
5442408,上海市,长宁区,味千拉面(天山西路二分店)
5481061,江苏省,苏州市,味千拉面(昆山中茵世茂店)
5567251,湖南省,长沙市,味千拉面(长沙芙蓉南路店)
5600672,浙江省,台州市,味千拉面(温岭万昌中路乐购店)
5640038,江苏省,南京市,味千拉面(南京江北苏宁电器店)
5674165,浙江省,金华市,味千拉面(永康九铃路分店)
5684636,安徽省,马鞍山市,味千拉面(南京马鞍山第一八佰伴店)
57713922,江苏省,苏州市,味千拉面(吾悦广场店)
580997,江苏省,苏州市,味千拉面(观前街分店)
58355006,福建省,厦门市,味千拉面(祥店分店)
6124039,上海市,闵行区,味千拉面(龙之梦购物中心莘庄店)
6388785,湖南省,长沙市,味千拉面(长沙金星大道店)
6448642,江苏省,南京市,味千拉面(南京虹悦城店)
64926932,山东省,德州市,味千拉面(湖滨中大道店)
65432578,北京市,石景山区,味千拉面(鲁谷路店)
65557324,湖北省,黄冈市,味千拉面(沪青平公路二分店)
6586274,上海市,浦东新区,味千拉面(上海沪南路店)
66827242,江苏省,泰州市,味千拉面
66850934,上海市,嘉定区,味千拉面(百联嘉定购物中心店)
67665008,北京市,东城区,味千拉面(东直门银座mall店)
67849831,北京市,东城区,味千拉面(崇文门二期店)
67850760,山东省,济南市,味千拉面(世茂国际广场店)
67850764,河南省,郑州市,味千拉面(大商新玛特中原新城店)
67851162,山东省,淄博市,味千拉面(金晶大道万象汇店)
67852851,广西壮族自治区,柳州市,味千拉面(万达店)
67864792,湖北省,武汉市,味千拉面(永旺梦乐城店)
67864810,湖南省,常德市,味千拉面(人民路分店)
69341593,江西省,南昌市,味千拉面(奥体天虹店)
69366196,湖北省,武汉市,味千拉面
69385895,广东省,广州市,味千拉面
69447185,江苏省,无锡市,味千拉面(宜兴人民路分店)
69551356,黑龙江省,哈尔滨市,味千拉面
69640392,北京市,大兴区,味千拉面(亦庄文化园东路店)
72457253,安徽省,安庆市,味千拉面
75105967,浙江省,温州市,味千拉面(大西洋购物中心店)
75631629,辽宁省,沈阳市,味千拉面(兴隆大家庭中街店)
76728464,辽宁省,锦州市,味千拉面(兴隆店)
76823351,云南省,昆明市,味千拉面
76953227,吉林省,吉林市,味千拉面
79772059,江苏省,淮安市,味千拉面
8679092,北京市,丰台区,味千拉面(开阳桥一店)
91078761,江苏省,南京市,味千拉面
91656671,北京市,海淀区,味千拉面
9835453,湖南省,株洲市,味千拉面(株洲新华西路店)
9897096,山东省,烟台市,味千拉面(山东烟台佳世客店)
10655414,湖北省,武汉市,味千拉面(武汉新华西店)
14156499,北京市,朝阳区,味千拉面(华贸建国路店)
14706774,广东省,广州市,味千拉面(百信广场店)
17622862,广东省,深圳市,味千拉面(中心城店)
18369432,上海市,松江区,味千拉面(上海广富林路分店)
19378250,天津市,东丽区,味千拉面(滨海国际机场店)
19707894,浙江省,台州市,味千拉面(温岭中华北路分店)
19707949,上海市,长宁区,味千拉面(上海凯虹店)
19707964,江苏省,南京市,味千拉面(南京龙蟠路分店)
2037352,海南省,海口市,味千拉面(美兰机场店)
2063344,上海市,杨浦区,味千拉面(淞沪三分店)
2078758,江苏省,无锡市,味千拉面(江阴人民中路分店)
21593850,北京市,大兴区,味千拉面(荟聚购物中心西红门店)
21967451,陕西省,西安市,味千拉面(西安南大街众汇广场店)
22575580,浙江省,温州市,味千拉面(南虹店)
23328044,浙江省,杭州市,味千拉面(杭州EAC店)
2372260,上海市,虹口区,味千拉面(上海足球场店)
2396887,上海市,奉贤区,味千拉面(百联南桥购物中心店)
2403181,上海市,浦东新区,味千拉面(上海成山店)
2470606,广东省,佛山市,味千拉面(顺德永旺店)
2474461,山东省,青岛市,味千拉面(机场店)
2547307,浙江省,温州市,味千拉面(矮凳桥店)
2628283,北京市,丰台区,味千拉面(万源路店)
27111482,江苏省,苏州市,味千拉面(吴中石湖万达店)
2729020,江苏省,南京市,味千拉面(金轮新天地店)
2735122,上海市,静安区,味千拉面(华狮688广场店)
2739928,重庆市,江北区,味千拉面(北城天街购物广场店)
27432447,广西壮族自治区,桂林市,味千拉面(万达广场店)
2749942,北京市,西城区,味千拉面(阜外大街店)
27521973,广东省,深圳市,味千拉面(深圳南山书城店)
27524749,北京市,房山区,味千拉面(房山长阳万科店)
2777773,上海市,徐汇区,味千拉面(石龙路店)
2899951,上海市,闵行区,味千拉面(上海龙茗路店)
2946448,江苏省,苏州市,味千拉面(昆山白马泾路店)
2953681,江苏省,扬州市,味千拉面(珍园店)
2963380,四川省,成都市,味千拉面(成都华侨城店)
2971558,浙江省,绍兴市,味千拉面(上虞万和城分店)
3097831,上海市,虹口区,味千拉面(曲阳路店)
3190207,广东省,深圳市,味千拉面(建安一路分店)
3276316,香港特别行政区,油尖旺区,味千拉面(新世纪广场店)
3278875,上海市,浦东新区,味千拉面(上海康桥店)
32873901,陕西省,西安市,味千拉面(丰广场店)
3319714,北京市,通州区,味千拉面(阳光新生活广场店)
3377809,江西省,南昌市,味千拉面(南昌中山路店)
3380305,上海市,浦东新区,味千拉面(万达广场周浦店)
3380311,湖南省,长沙市,味千拉面(长沙劳动路店)
34460323,辽宁省,大连市,味千拉面(亿合城店)
3477958,浙江省,金华市,味千拉面(金华银泰百货店)
3557266,辽宁省,沈阳市,味千拉面(潮汇店)
3660595,广东省,珠海市,味千拉面(珠海景山路店)
36913273,北京市,西城区,味千拉面(SOGO本馆店)
3869626,江苏省,南通市,味千拉面(南通南大街店)
3885727,上海市,普陀区,味千拉面(悦达889广场店)
4074415,上海市,普陀区,味千拉面(IMAGO我格广场店)
4080817,浙江省,嘉兴市,味千拉面(百联奥特莱斯店)
4086223,上海市,浦东新区,味千拉面(上海锦尊路店)
4101462,江苏省,苏州市,味千拉面(新苏店)
4114973,江苏省,南通市,味千拉面(南通海门亚萍店)
4171449,天津市,南开区,味千拉面(海光寺店)
44338184,广东省,广州市,味千拉面(南沙万达店)
4511873,山东省,济南市,味千拉面(济南经四路店)
4548878,上海市,松江区,味千拉面(上海松江二店)
4552200,浙江省,宁波市,味千拉面(宁波鄞州万达店)
45530926,浙江省,绍兴市,味千拉面
4558827,浙江省,嘉兴市,味千拉面(海宁沃尔玛店)
45823961,湖南省,长沙市,味千拉面(雨花亭站-天虹)
5118260,上海市,普陀区,味千拉面(上海兰溪路分店)
5182668,重庆市,沙坪坝区,味千拉面(煌华新纪元购物广场店)
5193815,山东省,泰安市,味千拉面(泰安东岳大街二路店)
5231498,广东省,广州市,味千拉面(保利中环广场店)
5255973,北京市,海淀区,味千拉面(双安商场店)
5260198,浙江省,杭州市,味千拉面(杭州物美超市店)
5299812,上海市,浦东新区,味千拉面(浦东嘉里城店)
5314782,北京市,海淀区,味千拉面(健翔桥店)
533844,重庆市,沙坪坝区,味千拉面(重庆沙坪坝店)
536526,浙江省,杭州市,味千拉面(湖滨店)
5375038,江西省,南昌市,味千拉面(南昌井冈山大道分店)
5399421,江苏省,无锡市,味千拉面(新之城店)
5402370,湖北省,武汉市,味千拉面(二七路店)
5416051,福建省,莆田市,味千拉面(莆田胜利路分店)
5465169,广东省,广州市,味千拉面(广州下九路店)
5580511,江苏省,无锡市,味千拉面(无锡华夏南路乐购店)
5624998,湖南省,长沙市,味千拉面(长沙坡子街店)
5674159,浙江省,金华市,味千拉面(义乌乐购店)
5723978,山东省,青岛市,味千拉面(青岛即墨振华街店)
58010717,四川省,成都市,味千拉面
5858893,上海市,普陀区,味千拉面(长风大悦城店)
59054451,广东省,湛江市,味千拉面(鼎盛广场店)
59269836,河南省,新乡市,味千拉面
5935009,山东省,临沂市,味千拉面(临沂新华路店店)
6016936,浙江省,宁波市,味千拉面(宁波药行店)
6229811,广西壮族自治区,南宁市,味千拉面(南宁青秀路分店)
6390059,四川省,成都市,味千拉面(凯德来福士店)
6426529,四川省,成都市,味千拉面(都江堰大道店)
66320704,湖南省,湘西土家族苗族自治州,味千拉面(金坪路店)
67062759,浙江省,宁波市,味千拉面(铁场东路店)
67471742,上海市,黄浦区,味千拉面(迪美购物中心店)
67513786,江苏省,苏州市,味千拉面(昆山昆城广场店)
67551998,湖南省,长沙市,味千拉面
67657850,浙江省,台州市,味千拉面
67850737,山东省,青岛市,味千拉面(佳世客店)
67850757,山东省,济南市,味千拉面(和谐广场店)
6812522,江西省,南昌市,味千拉面(南昌凯德分店)
6825125,福建省,福州市,味千拉面(王府井百货店)
69484458,上海市,浦东新区,味千拉面世纪大道分店(美厨)
69665902,湖北省,武汉市,味千拉面(摩尔城店)
72337086,江西省,南昌市,味千拉面(庐山南大道分店)
73608494,湖南省,长沙市,味千拉面(华创国际广场店)
76415284,福建省,厦门市,味千拉面(山姆会员分店)
79586114,江西省,南昌市,味千拉面(联发天虹店)
80268036,海南省,海口市,味千拉面(新城吾悦广场店)
80616002,北京市,海淀区,味千拉面(华熙店)
8063794,重庆市,渝北区,味千拉面(重庆叠彩城店)
91058312,北京市,朝阳区,味千拉面(国贸商城店)
9484690,广东省,江门市,味千拉面(江门鹤山大道分店)
73528594,河北省,保定市,味千拉面
74595017,吉林省,长春市,味千拉面(北人民店)
77000955,黑龙江省,哈尔滨市,味千拉面
77447063,浙江省,温州市,味千拉面(世贸时尚中心店)
7858738,安徽省,合肥市,味千拉面(合肥中环店)
79415800,浙江省,杭州市,味千拉面(蓝钻天成店)
80120177,上海市,金山区,味千拉面
8697150,上海市,崇明区,味千拉面(上海崇明八一路店)
8716517,重庆市,渝中区,味千拉面(王府井百货店)
8763847,江苏省,常州市,味千拉面(富克斯流行广场店)
9245865,浙江省,宁波市,味千拉面(大润发店)
