﻿shopId,lv1Name,lv2Name,shopName
19298650,上海市,黄浦区,和府捞面(福州路店)
21170859,上海市,静安区,和府捞面(1788店)
21270464,江苏省,苏州市,和府捞面(金鸡湖欧尚店)
22508939,上海市,浦东新区,和府捞面(96广场店)
32883595,上海市,静安区,和府捞面(梅龙镇广场店)
32883653,上海市,宝山区,和府捞面(宝山店)
56584831,上海市,宝山区,和府捞面(宝山万达店)
56584853,江苏省,南京市,和府捞面(水游城店)
65319164,江苏省,南京市,和府捞面(南京金融中心店)
65970328,上海市,浦东新区,和府捞面(浦电路店)
66000940,上海市,黄浦区,和府捞面(宏伊广场店)
67656386,江苏省,南通市,和府捞面(南通南大街店)
72349826,上海市,浦东新区,和府捞面(浦东机场T1店)
75088494,上海市,普陀区,和府捞面(中环百联店)
76838082,北京市,海淀区,和府捞面(中关村店)
77428870,上海市,金山区,和府捞面(金山百联店)
79283765,江苏省,苏州市,和府捞面(昆山九方城店)
79840837,北京市,朝阳区,和府捞面(悠唐购物中心店)
80613900,上海市,闵行区,和府捞面(浦江生活广场店)
80986282,上海市,普陀区,和府捞面(巴黎春天店)
82689776,天津市,河东区,和府捞面(远洋未来广场店)
24335846,上海市,黄浦区,和府捞面(日月光店)
24335856,上海市,浦东新区,和府捞面(大拇指广场店)
24335899,江苏省,苏州市,和府捞面(金阊山塘街店)
27455449,上海市,杨浦区,和府捞面(合生店)
70531521,浙江省,宁波市,和府捞面(宁波印象城店)
74982765,浙江省,宁波市,和府捞面(宁波天一店)
81759221,浙江省,杭州市,和府捞面(国大店)
13873545,江苏省,苏州市,和府捞面(苏州观东店)
22795744,江苏省,苏州市,和府捞面(富仁坊店)
24335822,上海市,闵行区,和府捞面(闵行乐虹坊店)
27455532,江苏省,常州市,和府捞面(九洲新世界店)
65964898,上海市,静安区,和府捞面(四季坊店)
65970225,上海市,嘉定区,和府捞面(嘉亭荟店)
66350135,江苏省,盐城市,和府捞面
67438847,江苏省,无锡市,和府捞面(滨湖万达店)
67474516,上海市,浦东新区,和府捞面(成山路巴黎春天店)
67933241,上海市,徐汇区,和府捞面(百脑汇店)
67933273,上海市,闵行区,和府捞面(七宝万科店)
68989719,湖北省,武汉市,和府捞面(武汉天地店)
69754223,江苏省,镇江市,和府捞面(镇江万达店)
70002588,上海市,普陀区,和府捞面(环球港店)
19639694,江苏省,苏州市,和府捞面(平江店)
22795536,上海市,浦东新区,和府捞面(食品城店)
24335792,上海市,长宁区,和府捞面(南丰城店)
27455381,上海市,黄浦区,和府捞面(新世界城店)
59000126,浙江省,杭州市,和府捞面(湖滨银泰)
65694741,江苏省,无锡市,和府捞面(无锡大东方店)
65970278,上海市,徐汇区,和府捞面(飞洲国际店)
65970747,江苏省,南京市,和府捞面(南京虹悦城店)
65970797,江苏省,常州市,和府捞面(常州新北万达店)
65984253,上海市,长宁区,和府捞面(中山龙之梦店)
69645068,上海市,嘉定区,和府捞面(大融城店)
69660043,湖北省,武汉市,和府捞面(武汉国广店)
69943409,江苏省,南通市,和府捞面(中南世纪城店)
74952836,北京市,丰台区,和府捞面(丰台万达广场店)
76829978,北京市,海淀区,和府捞面(新中关店)
91919801,上海市,闵行区,和府捞面(莘庄龙之梦店)
18623225,上海市,杨浦区,和府捞面(五角场店)
22216979,上海市,虹口区,和府捞面(虹口龙之梦店)
28625749,上海市,徐汇区,和府捞面(光启城店)
32883608,上海市,浦东新区,和府捞面(金桥店)
59074843,浙江省,杭州市,和府捞面(杭州汇合城店)
65984568,北京市,通州区,和府捞面(通州万达店)
66809929,湖北省,武汉市,和府捞面(群光广场店)
67933301,上海市,浦东新区,和府捞面(大都会店)
75010455,江苏省,南京市,和府捞面(南京新百店)
75088480,上海市,杨浦区,和府捞面(百联又一城店)
90310041,天津市,和平区,和府捞面(天河城店)
92177369,江苏省,苏州市,和府捞面(苏州久光店)
