﻿shopId,lv1Name,lv2Name,shopName
12597267,四川省,成都市,汉堡王(成都百脑汇店)
13668469,上海市,闵行区,汉堡王(上海金丰路店)
13880839,浙江省,杭州市,汉堡王(杭州欧美中心店)
15989705,上海市,杨浦区,汉堡王(上海中原店)
16009388,辽宁省,大连市,汉堡王(大连万和汇店)
16964414,广东省,广州市,汉堡王(广州珠江太阳新天地店)
17205887,广东省,深圳市,汉堡王(深圳中英街店)
17205993,广东省,广州市,汉堡王(荔园新天地)
17206230,四川省,成都市,汉堡王(成都北京华联空港店)
17214750,北京市,朝阳区,汉堡王(北京爱琴海店)
18060721,江苏省,苏州市,汉堡王(永旺梦乐城店)
18544811,江苏省,南京市,汉堡王(南京森林摩尔店)
1958545,香港特别行政区,中西区,汉堡王(凌霄阁店)
19606840,黑龙江省,哈尔滨市,汉堡王(哈尔滨顾乡凯德店)
20639958,上海市,闵行区,汉堡王(虹桥高铁店)
20687640,天津市,南开区,汉堡王(天津奥城彩七汇店)
20940603,江苏省,南京市,汉堡王(南京新一城店)
21088626,北京市,大兴区,汉堡王(欣宁街西红门宜家店)
21411171,北京市,丰台区,汉堡王(北京丰台草桥店)
21947550,山东省,济南市,汉堡王(CCPARK店)
22072035,北京市,朝阳区,汉堡王(北京新港商城店)
22204269,黑龙江省,哈尔滨市,汉堡王(东直路店)
22249040,天津市,和平区,汉堡王(恒隆广场店)
22378175,四川省,成都市,汉堡王(银泰城店)
23338383,江苏省,南京市,汉堡王(南京中海环宇城店)
2468473,北京市,顺义区,汉堡王(首都机场T3店)
24791275,江苏省,苏州市,汉堡王(苏州吴中永旺店)
27210279,江苏省,苏州市,汉堡王(张家港吾悦)
27305359,广东省,河源市,汉堡王(粤赣高速公路店)
2919790,上海市,闵行区,汉堡王(上海莘庄仲盛店)
3168577,上海市,浦东新区,汉堡王(上海广场店)
3205480,江苏省,南京市,汉堡王(新街口店)
32372704,黑龙江省,哈尔滨市,汉堡王(哈尔滨会展一店)
32373394,江苏省,南京市,汉堡王(南京汤山奥特莱斯店)
35459274,江苏省,徐州市,汉堡王(汗城路店)
36069364,福建省,福州市,汉堡王(福州红星店)
37946254,山东省,青岛市,汉堡王(青岛水悦城店)
37946279,广东省,深圳市,汉堡王(富安街平湖熙璟城店)
38072060,上海市,闵行区,汉堡王(碧江广场店)
39999742,福建省,福州市,汉堡王(天泽奥莱店)
41085835,云南省,红河哈尼族彝族自治州,汉堡王
41207678,江苏省,徐州市,汉堡王
41230643,黑龙江省,哈尔滨市,汉堡王
41277934,吉林省,四平市,汉堡王(新市街店)
41440564,内蒙古自治区,通辽市,汉堡王(职业学院店)
43986132,广西壮族自治区,桂林市,汉堡王(桂林东西巷店)
44062885,广西壮族自治区,柳州市,汉堡王(万达广场店)
44174898,山东省,临沂市,汉堡王
47900504,浙江省,杭州市,汉堡王(杭州瓶窑广场店)
50510456,河北省,张家口市,汉堡王
506444,上海市,静安区,汉堡王(静安店)
52350399,上海市,浦东新区,汉堡王(高桥红坊店)
5284504,陕西省,西安市,汉堡王(骡马市店)
5351854,江西省,南昌市,汉堡王子
56586231,上海市,普陀区,汉堡王(弘基时尚生活中心店)
56586238,上海市,嘉定区,汉堡王(上海江桥未来广场店)
56625542,湖北省,武汉市,汉堡王(武汉滨江天地)
56625825,重庆市,九龙坡区,汉堡王(重庆力扬购物广场店)
56632100,广东省,广州市,汉堡王(广州高志店)
56632213,广东省,东莞市,汉堡王(东莞凤岗店)
57171323,北京市,朝阳区,汉堡王(安贞环贸店)
57476059,广东省,广州市,汉堡王(金沙路店)
57533851,辽宁省,盘锦市,汉堡王(盘锦水游城店)
57777607,重庆市,九龙坡区,汉堡王(石桥店)
57889768,江苏省,泰州市,汉堡王(金富商业街店)
57918631,辽宁省,沈阳市,汉堡王(沈阳北站店)
57947095,浙江省,杭州市,汉堡王(杭州蓝钻天成店)
57980395,广东省,广州市,汉堡王(广州合生店)
58047821,江苏省,南京市,汉堡王(南京泰山路店)
58259244,江苏省,镇江市,汉堡王(苏宁广场店)
58299990,河南省,信阳市,汉堡王(南虹广场店)
58303851,湖北省,武汉市,汉堡王(汉口火车站店)
58946402,广东省,深圳市,汉堡王(坪山嘉店)
59139930,河北省,保定市,汉堡王(定州大世界店)
59239485,辽宁省,丹东市,汉堡王(丹东店)
6225640,上海市,静安区,汉堡王(上海南京西路2店)
6240798,天津市,河西区,汉堡王(天津银河店)
6338303,浙江省,宁波市,汉堡王(宁波来福士店)
64591173,广东省,深圳市,汉堡王(福华三路店)
64594186,湖北省,荆门市,汉堡王(万达广场店)
65125632,北京市,朝阳区,汉堡王(鸟巢店)
65502741,山东省,德州市,汉堡王(德州万达店)
65504228,云南省,昆明市,汉堡王(大都店)
65678373,辽宁省,大连市,汉堡王(海苑街店)
65701110,广东省,河源市,汉堡王(河源热水服务区北区店)
65701553,江苏省,南京市,汉堡王(南京慕斯荟店)
65701761,江苏省,苏州市,汉堡王(苏州南环汇邻店)
65902522,上海市,长宁区,汉堡王(上海缤谷一期店)
65931745,湖北省,武汉市,汉堡王(友谊大道店)
6597304,上海市,黄浦区,汉堡王(上海名人广场店)
66845933,重庆市,渝中区,汉堡王(龙湖时代天街店)
67219047,辽宁省,大连市,汉堡王(大连第五郡店)
67344950,广东省,深圳市,汉堡王(市民中心店)
67384452,河南省,安阳市,汉堡王桑巴双人餐
6749098,浙江省,宁波市,汉堡王(宁波天一店)
67647877,四川省,成都市,汉堡王(富力广场店)
67650418,浙江省,宁波市,汉堡王子(汪弄店)
67664182,江苏省,苏州市,汉堡王(苏州汽车西站店)
69277678,湖南省,湘潭市,汉堡王(湘潭天虹百货店)
69413222,江苏省,泰州市,汉堡王(泰州温莎小镇)
69600451,贵州省,贵阳市,汉堡王
69626791,河南省,洛阳市,汉堡王(洛阳王府井店)
69635881,辽宁省,沈阳市,汉堡王(沈阳火车站店)
69684845,重庆市,江北区,汉堡王(重庆金沙门路店)
69848037,辽宁省,盘锦市,汉堡王(盘锦万达店)
72473819,安徽省,亳州市,汉堡王(亳州万达店)
75123022,云南省,昆明市,汉堡王(滇池路店)
75136253,江苏省,常州市,汉堡王(溧阳上河城店)
75136412,广西壮族自治区,南宁市,汉堡王(梦之岛水晶城店)
75136440,湖北省,武汉市,汉堡王(武汉南湖时尚城店)
75232050,云南省,昆明市,汉堡王(同德广场店)
76751689,北京市,丰台区,汉堡王(丰台万达广场店)
76936822,辽宁省,大连市,汉堡王(星海广场)
76936847,广西壮族自治区,桂林市,汉堡王(益田西街店)
76991913,广东省,清远市,汉堡王(清远万达店)
76991934,四川省,成都市,汉堡王(成都乐天玛特店)
76991939,四川省,绵阳市,汉堡王(绵阳乐荟城店)
77231529,浙江省,湖州市,汉堡王(湖州万达广场店)
77264039,浙江省,台州市,汉堡王(台州中盛时代店)
77281822,江苏省,南京市,汉堡王(南京景枫大厦店)
79175830,江苏省,泰州市,汉堡王店
79438567,北京市,丰台区,汉堡王(槐房万达店)
79452365,北京市,海淀区,汉堡王(中关村店)
79759053,广东省,东莞市,汉堡王子
83437392,广东省,湛江市,汉堡王·炸鸡
8819555,北京市,海淀区,汉堡王(北京五道口店)
8941067,辽宁省,沈阳市,汉堡王(大悦城店)
9039005,福建省,厦门市,汉堡王(金湖路店)
90478316,山东省,莱芜市,汉堡王汉堡饮品
91852522,江苏省,南京市,汉堡王(金茂汇店)
91853081,广东省,深圳市,汉堡王(深南中路店)
91853235,黑龙江省,哈尔滨市,汉堡王(西城红场店)
92046581,浙江省,杭州市,汉堡王(杭州萧山金地)
92046708,福建省,厦门市,汉堡王(厦门古镇)
9893497,上海市,普陀区,汉堡王(上海万里家乐福店)
13668866,天津市,滨海新区,汉堡王(天津MSD店)
14753560,上海市,浦东新区,汉堡王(上海塘桥店)
15860002,辽宁省,大连市,汉堡王(大连大都会店)
16003241,上海市,闵行区,汉堡王(上海莲花路店)
16008377,山东省,济南市,汉堡王(济南丁豪店)
16786480,四川省,成都市,汉堡王(成都龙湖广场店)
18225794,辽宁省,大连市,汉堡王(人民路店)
18422122,上海市,松江区,汉堡王(上海松江万达店)
18640984,浙江省,杭州市,汉堡王(杭州天虹店)
19141378,江苏省,南京市,汉堡王(禄口机场店)
19214696,上海市,浦东新区,汉堡王(上海张江地铁站店)
2031382,上海市,普陀区,汉堡王(代购)
2054935,上海市,浦东新区,汉堡王(上海正大店)
20766964,北京市,顺义区,汉堡王(北京中粮祥云店)
20777820,湖北省,武汉市,汉堡王(武汉群星城店)
21662718,天津市,河东区,汉堡王(天津嘉里汇店)
21834517,辽宁省,大连市,汉堡王(大连富丽庭店)
22039519,上海市,徐汇区,汉堡王(漕河泾店)
22415486,辽宁省,大连市,汉堡王(大连柏威年餐厅店)
23008755,北京市,朝阳区,汉堡王(北京长楹天街店)
23347787,山东省,济南市,汉堡王(济南大学城店)
24511215,重庆市,渝北区,汉堡王(重庆金港店)
24791257,湖北省,武汉市,汉堡王(武汉荟聚中心店)
27255576,北京市,海淀区,汉堡王(北京远大路店)
27305357,北京市,海淀区,汉堡王(数码大厦店)
27497720,湖北省,武汉市,汉堡王(江汉路店)
32344929,福建省,福州市,汉堡王(元洪店)
32402713,江苏省,常州市,汉堡王(九洲新世界店)
32405092,浙江省,绍兴市,汉堡王(绍兴汇金广场店)
3273034,北京市,西城区,汉堡王(北京西单大悦城店)
32874522,吉林省,长春市,汉堡王(文化活动中心店)
3511525,上海市,浦东新区,汉堡王(上海金桥餐厅店)
37946166,辽宁省,大连市,汉堡王(辽河西路万达)
38321889,黑龙江省,绥化市,汉堡王(正阳店)
4062949,北京市,朝阳区,汉堡王(朝阳大悦城店)
41380744,江苏省,泰州市,汉堡王子
4209470,北京市,东城区,汉堡王(新世界店)
43594687,北京市,朝阳区,汉堡王(四元桥店)
43597701,浙江省,嘉兴市,汉堡王
43607213,宁夏回族自治区,银川市,汉堡王(银川金凤万达店)
43627401,黑龙江省,双鸭山市,汉堡王快餐店(31中店)
45297298,上海市,静安区,汉堡王(上海大悦城店)
45388758,浙江省,宁波市,汉堡王(余姚南河沿路店)
45507722,山东省,淄博市,汉堡王(淄博华润万象汇店)
46470942,湖北省,武汉市,汉堡王(永旺梦乐城店)
47032947,上海市,浦东新区,汉堡王(亿丰时代广场店)
48128289,江苏省,苏州市,汉堡王(中翔)
52010159,江苏省,南通市,汉堡王(五洲城市广场店)
5210900,广东省,深圳市,汉堡王(COCOPark店)
5304178,陕西省,西安市,汉堡王(西安北大街店)
5383415,天津市,南开区,汉堡王(天津大悦城店)
55023614,上海市,徐汇区,汉堡王(上海凌云壹街坊店)
56588518,浙江省,宁波市,汉堡王(宁波利时广场店)
56625503,浙江省,杭州市,汉堡王(杭州宝龙店)
56626200,河北省,唐山市,汉堡王(唐山弘驰店)
56626388,山东省,青岛市,汉堡王(青岛城阳宝龙)
56626405,山东省,青岛市,汉堡王(青岛城中城店)
56917428,黑龙江省,哈尔滨市,汉堡王
56988305,福建省,福州市,汉堡王(福州世纪金源店)
57183918,河南省,驻马店市,汉堡王(驻马店乐山店)
57479045,浙江省,杭州市,汉堡王(下沙云水店)
57571089,湖北省,武汉市,汉堡王(汉口火车站店)
57594157,江苏省,南通市,汉堡王(南通时尚街店)
57660280,浙江省,杭州市,汉堡王(杭州余杭和合广场店)
57706870,河北省,石家庄市,汉堡王(华强广场店)
57794398,浙江省,台州市,汉堡王(万达广场店)
57962605,天津市,东丽区,汉堡王(滨海国际机场店)
57994136,辽宁省,大连市,汉堡王(五一广场店)
58247147,江苏省,苏州市,汉堡王(苏州合景领汇店)
58385378,辽宁省,大连市,汉堡王(大连秀月街店)
5859741,广东省,中山市,汉堡王(中山利和广场店)
58670990,海南省,海口市,汉堡王(海口国兴路店)
58683617,山东省,枣庄市,汉堡王(府前路店)
64130762,新疆维吾尔自治区,昌吉回族自治州,汉堡王(呼图壁店)
64584174,湖北省,襄阳市,汉堡王子
64691107,江苏省,泰州市,汉堡王子麻辣烫
65307127,四川省,成都市,汉堡王(泛悦国际店)
65821261,湖北省,武汉市,汉堡王
66250577,江西省,南昌市,汉堡王(南昌万达茂店)
66811514,上海市,嘉定区,汉堡王(嘉定大融城店)
67192545,辽宁省,沈阳市,汉堡王(一方广场店)
67219046,上海市,浦东新区,汉堡王(上海高桥红坊店)
67337329,上海市,静安区,汉堡王(上海大宁中心店)
67664220,福建省,福州市,汉堡王(福州火车站店)
67695919,重庆市,渝中区,汉堡王(重庆协信星光天地店)
67792345,江苏省,常州市,汉堡王(Coco City)
67900758,湖南省,常德市,汉堡王(常德万达店)
68147620,黑龙江省,牡丹江市,汉堡王(牡丹江万达店)
68241309,上海市,宝山区,汉堡王(大华虎城店)
69224562,河北省,唐山市,汉堡王(唐山爱琴海店)
69635678,江苏省,南京市,汉堡王(21世纪太阳城店)
69635693,浙江省,宁波市,汉堡王(宁波镇海万科)
69635783,上海市,闵行区,汉堡王(上海七宝宝龙城市广场)
69740311,广东省,深圳市,汉堡王(大梅沙店)
69807565,福建省,泉州市,汉堡王(泉州摩天城店)
69847995,辽宁省,鞍山市,汉堡王(鞍山苏宁店)
71096716,天津市,和平区,汉堡王(伊勢丹店)
74569463,江西省,南昌市,汉堡王(南昌吾悦店)
74993562,浙江省,宁波市,汉堡王(宁波恒一店)
75123050,广西壮族自治区,桂林市,汉堡王(桂林新梦店)
75136262,上海市,静安区,汉堡王(上海城市新汇店)
75136269,上海市,闵行区,汉堡王(上海汇宝广场店)
75136274,江苏省,苏州市,汉堡王(苏州狮山名门店)
75136287,重庆市,合川区,汉堡王(重庆合川财富广场店)
75148277,北京市,海淀区,汉堡王(交大南门店)
76896188,辽宁省,营口市,汉堡王(（鲅鱼圈万达店）)
76896200,内蒙古自治区,包头市,汉堡王(苏宁广场店)
76936801,江苏省,苏州市,汉堡王(昆山弥敦城店)
76936807,天津市,河北区,汉堡王(天津北宁湾)
76936817,山西省,太原市,汉堡王(太原茂业天地)
76936821,江苏省,苏州市,汉堡王(高新文体店)
76936829,山西省,太原市,汉堡王(太原N1)
76991904,广东省,深圳市,汉堡王(缤果空间店)
76991908,广东省,惠州市,汉堡王(惠州赛格假日广场店)
76991932,广东省,广州市,汉堡王(广州曜一城店)
77231514,上海市,黄浦区,汉堡王(上海湖滨道店)
77231561,江苏省,南通市,汉堡王(南通凤凰文化广场店)
77231572,江苏省,南京市,汉堡王(南京南方时代广场店)
77301038,山东省,烟台市,汉堡王(开发区万达店)
77301101,山东省,青岛市,汉堡王(青岛阳光大厦店)
77348051,江苏省,无锡市,汉堡王子
77363533,辽宁省,沈阳市,汉堡王(北行店)
10363487,黑龙江省,哈尔滨市,汉堡王
10517968,江苏省,苏州市,汉堡王子
11564539,上海市,松江区,汉堡王(上海松江新城店)
12594495,北京市,西城区,汉堡王(北京西直门凯德店)
13745896,上海市,闵行区,汉堡王(上海古方路店)
13856944,北京市,昌平区,汉堡王(北京龙冠置业店)
13882491,天津市,河东区,汉堡王(天津远洋未来城店)
15920451,四川省,成都市,汉堡王(成都翡翠城店)
15959957,天津市,西青区,汉堡王(天津梅江永旺店)
16964772,四川省,成都市,汉堡王(成都新会展中心店)
17202969,天津市,河北区,汉堡王(天津站店)
17647439,广东省,深圳市,汉堡王
18030982,江苏省,苏州市,汉堡王(苏州丽丰广场店)
18047013,上海市,浦东新区,汉堡王(世博源店)
19176886,北京市,海淀区,汉堡王(北京五棵松卓展店)
19290211,湖北省,武汉市,汉堡王(武汉中南店)
1958452,上海市,静安区,汉堡王(上海大宁店)
20645130,北京市,怀柔区,汉堡王(慕田峪)
21088221,上海市,青浦区,汉堡王(吾悦广场店)
21191138,重庆市,江北区,汉堡王(重庆东原店)
21261169,江苏省,苏州市,汉堡王(苏州百脑汇店)
21331077,四川省,成都市,汉堡王(成都海滨城店)
21338230,江苏省,南京市,汉堡王(南京紫荆广场店)
21467004,山东省,济南市,汉堡王(济南领秀城店)
21587625,北京市,房山区,汉堡王(北京绿地缤纷城餐厅)
21629571,辽宁省,大连市,汉堡王(亿合城店)
21736072,北京市,丰台区,汉堡王(北京航天梅源店)
21827625,江苏省,苏州市,汉堡王(苏州万达店)
22213129,四川省,成都市,汉堡王(成都华置广场店)
22416896,山东省,烟台市,汉堡王(烟台新世界店)
23675867,北京市,昌平区,汉堡王(北京珠江摩尔店)
23675947,天津市,河北区,汉堡王(天津仁恒海河店)
23675970,江苏省,苏州市,汉堡王(苏州世茂广场店)
24791230,广东省,深圳市,汉堡王(COCO City)
24791240,北京市,海淀区,汉堡王(北京万柳店)
24791261,江苏省,南京市,汉堡王(南京砂之船店)
27305358,北京市,朝阳区,汉堡王(斯普瑞斯店)
27305361,广东省,深圳市,汉堡王
32390430,山东省,青岛市,汉堡王(青岛海上嘉年华店)
32644976,山西省,太原市,汉堡王(太原北美新天地店)
32842729,山东省,威海市,汉堡王(九龙城店)
32884161,江苏省,扬州市,汉堡王(扬州华懋购物中心店)
3404398,香港特别行政区,油尖旺区,汉堡王(弥敦道店)
34691694,上海市,浦东新区,汉堡王(上海龙阳路店)
37946146,北京市,顺义区,汉堡王(顺义隆华)
38091721,江西省,南昌市,汉堡王(南昌天虹店)
38338724,浙江省,湖州市,汉堡王(湖州爱山广场店)
3895534,江苏省,南京市,汉堡王(南京新街口2店)
40431037,北京市,朝阳区,汉堡王(北京雅秀餐厅店)
40612692,河北省,石家庄市,汉堡王子
40879099,广东省,深圳市,汉堡王(深圳桃园路店)
40959228,福建省,福州市,汉堡王(福州东二环店)
41281411,内蒙古自治区,巴彦淖尔市,汉堡王(建设东路店)
41281926,广东省,深圳市,汉堡王子(三祝里店)
41600671,山东省,枣庄市,汉堡王(马兰市场店)
4221360,福建省,厦门市,汉堡王(厦门SM-2店)
43782240,辽宁省,抚顺市,汉堡王(抚顺印象城)
44037918,江苏省,苏州市,汉堡王子(塘桥店)
4527620,上海市,浦东新区,汉堡王(上海大拇指店)
4531687,广东省,深圳市,汉堡王(KKMALL京基店)
45371594,黑龙江省,绥化市,汉堡王(十七道街店)
45533087,浙江省,嘉兴市,汉堡王(中关村店)
45580422,吉林省,吉林市,汉堡王(华业国际城店)
45630679,新疆维吾尔自治区,昌吉回族自治州,汉堡王德克士
45667863,广东省,珠海市,汉堡王(珠海迎宾路店)
4720960,广东省,广州市,汉堡王(广州正佳餐厅店)
48022324,辽宁省,大连市,汉堡王(哈佛世纪店)
5172081,上海市,闵行区,汉堡王(凯德龙之梦)
5241472,上海市,浦东新区,汉堡王(上海浦东南路店)
5480351,上海市,虹口区,汉堡王(上海虹口龙之梦)
5511245,北京市,丰台区,汉堡王(北京南站地下店)
5512751,广东省,深圳市,汉堡王(东海店)
56562593,广东省,广州市,汉堡王(广州番禺永旺店)
56625752,广东省,深圳市,汉堡王(卓越世纪中心店)
56625867,广东省,河源市,汉堡王(河源越王大道店)
56626395,山东省,青岛市,汉堡王(青岛崂山丽达店)
56631720,重庆市,渝北区,汉堡王(重庆水木天地店)
56631811,广东省,梅州市,汉堡王(梅州东汇城店)
57429434,云南省,丽江市,汉堡王(丽江祥和店)
57912171,广东省,湛江市,汉堡王(湛江丽悦店)
57937955,云南省,文山壮族苗族自治州,汉堡王(硕峰新天地店)
58022223,黑龙江省,哈尔滨市,汉堡王(哈尔滨香福路永泰城店)
58050643,北京市,石景山区,汉堡王(北京鲁谷路店)
58142406,黑龙江省,绥化市,汉堡王(正阳街店)
58247112,江苏省,南通市,汉堡王(星湖101店)
58248418,江苏省,苏州市,汉堡王(永林新村店)
58297293,北京市,西城区,汉堡王(北京中海地产店)
58414003,浙江省,杭州市,汉堡王(杭州上亿广场店)
58621756,重庆市,江北区,汉堡王(永辉店)
59201748,宁夏回族自治区,银川市,汉堡王(金凤万达店)
6123708,陕西省,咸阳市,汉堡王(咸阳国际机场店)
62728172,湖北省,襄阳市,汉堡王子
62784264,黑龙江省,齐齐哈尔市,汉堡王快餐厅
6446827,广东省,广州市,汉堡王(广州海印又一城餐厅店)
64537096,四川省,南充市,汉堡王(大都会店)
66637900,广东省,河源市,汉堡王(河源热水服务区南区店)
67219042,浙江省,杭州市,汉堡王(杭州下沙物美店)
67238159,湖北省,荆门市,汉堡王(荆门万达店)
67303384,广东省,汕尾市,汉堡王(信利厂区店)
67344969,广东省,湛江市,汉堡王(湛江万达店)
67647837,福建省,厦门市,汉堡王(厦门建发湾悦城)
67647922,上海市,黄浦区,汉堡王(汇暻生活广场店)
67664009,上海市,杨浦区,汉堡王(上海硕和城店)
67664229,福建省,厦门市,汉堡王(厦门世茂店)
68181627,江苏省,泰州市,汉堡王(泰州万达店)
68246335,四川省,资阳市,汉堡王(资阳万达店)
68290079,江苏省,泰州市,汉堡王子
69225935,河南省,许昌市,汉堡王(亨源通世纪广场店)
69278509,重庆市,南岸区,汉堡王(永川区星光大道分店)
69333916,北京市,海淀区,汉堡王(翠微凯德店)
69333931,北京市,朝阳区,汉堡王(新荟城购物中心店)
69479863,辽宁省,大连市,汉堡王(鲸mall店)
69635586,浙江省,杭州市,汉堡王(杭州D32购物中心)
69635612,安徽省,合肥市,汉堡王(合肥瑶海万达广场)
69635736,江苏省,无锡市,汉堡王(无锡盛唐乐享城)
69635754,浙江省,金华市,汉堡王(义乌新科路万达)
69635865,四川省,内江市,汉堡王(内江汉安大道)
69636820,浙江省,宁波市,汉堡王(宁海西子国际广场)
69681443,广东省,潮州市,汉堡王(潮州右一城店)
69847969,天津市,和平区,汉堡王(天津小白楼店)
69848010,天津市,武清区,汉堡王(武清创意米兰店)
77457890,河北省,唐山市,汉堡王(振华店)
79436446,重庆市,渝中区,汉堡王
8071868,江苏省,无锡市,汉堡王(无锡万达店)
8080909,广东省,东莞市,汉堡王子炸鸡汉堡
83516541,黑龙江省,哈尔滨市,汉堡王店
8943047,陕西省,西安市,汉堡王(西安凯德新地店)
92312847,山东省,济宁市,汉堡王美食屋
9525115,河北省,张家口市,汉堡王(张家口容辰广场店)
9627857,上海市,浦东新区,汉堡王(上海三林店)
9960792,广东省,深圳市,汉堡王(深圳华联街店)
10015886,天津市,红桥区,汉堡王(西站店)
10598297,江西省,吉安市,汉堡王子
10660847,海南省,海口市,汉堡王(美兰国际机场店)
13801598,广东省,深圳市,汉堡王(深圳龙华绿景香颂店)
13852788,山东省,济南市,汉堡王(济南开元广场店)
13872878,黑龙江省,哈尔滨市,汉堡王(哈尔滨哈西万达店)
13894802,北京市,顺义区,汉堡王(北京荣祥广场店)
14164855,辽宁省,大连市,汉堡王(福佳店)
15108028,北京市,朝阳区,汉堡王(麒麟新天地店)
15926065,北京市,顺义区,汉堡王(BHGMall店)
15927091,陕西省,西安市,汉堡王(西安唐延中心城店)
16723860,广东省,深圳市,汉堡王(宝安机场T3店)
17973994,天津市,滨海新区,汉堡王(宝龙城市广场店)
19829268,北京市,朝阳区,汉堡王(北京万紫汇店)
2038264,上海市,杨浦区,汉堡王(上海五角场店)
20696527,上海市,嘉定区,汉堡王(华润五彩城店)
2111065,上海市,徐汇区,汉堡王(上海美罗城店)
21131611,江苏省,苏州市,汉堡王(张家港曼巴特店)
21258522,上海市,普陀区,汉堡王(上海118广场店)
21399335,天津市,滨海新区,汉堡王(天津泰达店)
21611280,辽宁省,大连市,汉堡王(大连百年奥莱店)
21642824,黑龙江省,哈尔滨市,汉堡王(哈尔滨西大直街店)
2242063,香港特别行政区,离岛区,汉堡王(机场DFS店)
23063160,北京市,房山区,汉堡王(北京中粮万科店)
27180153,云南省,昆明市,汉堡王(昆明百大店)
27264662,辽宁省,沈阳市,汉堡王(沈阳碧桂园店)
27282108,宁夏回族自治区,银川市,汉堡王(银川鼓楼新华百货店)
27491262,山西省,太原市,汉堡王(太原龙湖万达店)
2974261,福建省,厦门市,汉堡王(世贸商城店)
32738536,黑龙江省,佳木斯市,汉堡王(佳木斯万达店)
3404392,香港特别行政区,湾仔区,汉堡王(波斯富街店)
34635699,河北省,石家庄市,汉堡王(石家庄嘉和广场店)
34920444,山东省,济南市,汉堡王(济南和谐广场店)
37946006,上海市,嘉定区,汉堡王(花桥兆丰店)
37946086,江苏省,南京市,汉堡王(南京高淳富克斯店)
38151352,福建省,莆田市,汉堡王(莆田财富中心店)
38308211,吉林省,长春市,汉堡王(长春吉林大学店)
40094977,四川省,成都市,汉堡王
40902025,黑龙江省,绥化市,汉堡王(中央大街店)
41172440,福建省,莆田市,汉堡王(前沁店)
41233121,内蒙古自治区,通辽市,汉堡王
41237918,河北省,石家庄市,汉堡王子
4135153,北京市,朝阳区,汉堡王(北京华彩望京店)
41566476,山东省,青岛市,汉堡王(青岛万科店)
41591475,江苏省,徐州市,汉堡王子
43616810,江苏省,南京市,汉堡王(南京江苏电视台店)
43645992,广西壮族自治区,百色市,汉堡王(百色学院店)
43703092,辽宁省,鞍山市,汉堡王(食品城店)
4530903,上海市,长宁区,汉堡王(上海中山公园龙之梦店)
45343691,辽宁省,沈阳市,汉堡王(沈阳春天店)
45495856,浙江省,宁波市,汉堡王子(南都花城店)
46831113,河北省,石家庄市,汉堡王子
48091257,黑龙江省,哈尔滨市,汉堡王(哈尔滨会展二期店)
48142856,江苏省,苏州市,汉堡王(昆山中楠店)
48189634,广东省,茂名市,汉堡王炸鸡
50633797,辽宁省,沈阳市,汉堡王(沈阳中街豫珑城店)
5399461,上海市,浦东新区,汉堡王(浦东机场T2店)
5511263,北京市,朝阳区,汉堡王(财富购物中心店)
55711272,江苏省,南通市,汉堡王
55711290,天津市,西青区,汉堡王(天津梅江大岛店)
561291,上海市,黄浦区,汉堡王(新世界城店)
56536511,天津市,南开区,汉堡王(天津金融中心店)
56575893,吉林省,长春市,汉堡王(长春欢乐城店)
56586101,上海市,浦东新区,汉堡王(外高桥保税区店)
56586131,上海市,松江区,汉堡王(上海莘松路亚乐城店)
56586184,上海市,奉贤区,汉堡王(奉贤苏宁)
56586492,江苏省,南通市,汉堡王(南通万达店)
56625856,四川省,成都市,汉堡王(成都大悦城店)
56934772,黑龙江省,大庆市,汉堡王(大庆万达)
56950618,广东省,广州市,汉堡王(广州白云凯德店)
56953990,河北省,唐山市,汉堡王(唐山时代广场店)
57356721,北京市,东城区,汉堡王(崇文门)
57961682,北京市,昌平区,汉堡王(龙德广场店)
58047102,吉林省,长春市,汉堡王(活力城店)
58436526,江苏省,南京市,汉堡王(南京马台街店)
6026169,江苏省,无锡市,汉堡王(无锡清扬路茂业店)
6030141,广东省,佛山市,汉堡王(印象城店)
6107217,北京市,朝阳区,汉堡王(北京世界城店)
62580499,四川省,遂宁市,汉堡王
62988070,天津市,河东区,汉堡王(爱琴海店)
6340074,广东省,广州市,汉堡王(东站店)
6452766,江苏省,无锡市,汉堡王(哥伦布店)
64974020,黑龙江省,鹤岗市,汉堡王(松滨大街店)
65070851,内蒙古自治区,呼伦贝尔市,汉堡王(一马路店)
65234352,福建省,福州市,汉堡王拿度尼
65541034,山东省,青岛市,汉堡王(空港店)
65728480,江苏省,苏州市,汉堡王(昆山昆城广场店)
66305224,上海市,浦东新区,汉堡王豪大大香鸡排
66615100,广东省,珠海市,汉堡王(珠海机场店)
67218306,青海省,西宁市,汉堡王(西宁力盟商业巷店)
67337417,湖南省,长沙市,汉堡王(长沙步步高店)
67337437,江苏省,苏州市,汉堡王(常熟星光天地商业中心)
67647654,广东省,汕头市,汉堡王(黄山路店)
67664156,辽宁省,大连市,汉堡王(大连软景中心店)
67664207,山东省,济南市,汉堡王(高新万达店)
67742758,江苏省,泰州市,汉堡王(泰州茂业百货店)
67955732,北京市,朝阳区,汉堡王(未来汇店)
68261509,山西省,运城市,汉堡王西餐厅
6856856,上海市,浦东新区,汉堡王(上海金桥家乐福店)
69450742,安徽省,亳州市,汉堡王国
69509145,江苏省,苏州市,汉堡王(苏州环球财富广场店)
69536601,重庆市,沙坪坝区,汉堡王(重庆景苑路店)
69635662,安徽省,合肥市,汉堡王(合肥砂之船)
69635797,上海市,浦东新区,汉堡王(上海大唐国际店)
69635809,上海市,浦东新区,汉堡王(上海金桥太茂)
69848096,山东省,济宁市,汉堡王(济宁苏宁店)
75089868,海南省,海口市,汉堡王(海口吾悦店)
75089880,黑龙江省,哈尔滨市,汉堡王(呼兰二道街店)
75136293,广东省,珠海市,汉堡王(珠海明珠南路店)
76896215,江苏省,扬州市,汉堡王(扬州宝龙店)
76896246,辽宁省,沈阳市,汉堡王(沈阳奥莱店)
76936796,上海市,浦东新区,汉堡王(丁香国际店)
76936811,山西省,太原市,汉堡王(太原华宇)
76936813,北京市,昌平区,汉堡王(北京乐多港店)
76936816,海南省,海口市,汉堡王(海口观澜湖店)
76936839,河北省,廊坊市,汉堡王(燕郊永旺店)
76936840,四川省,成都市,汉堡王(成都星空路店)
76991916,天津市,滨海新区,汉堡王(友阿奥莱店)
76991930,广东省,深圳市,汉堡王(深圳坪地宜城广场店)
76991935,福建省,泉州市,汉堡王(泉州中骏店)
76998422,四川省,成都市,汉堡王(青羊万达店)
77231549,湖南省,长沙市,汉堡王(长沙中信中海环宇城店)
69973372,江苏省,徐州市,汉堡王(铜山万达店)
73581546,湖北省,宜昌市,汉堡王(宜昌万达广场店)
73586201,北京市,朝阳区,汉堡王(望京诚盈店)
74569453,辽宁省,大连市,汉堡王(大连悦荟广场店)
74575186,北京市,丰台区,汉堡王(大峡谷店)
75136425,河南省,郑州市,汉堡王(郑州惠济万达店)
76936818,北京市,丰台区,汉堡王(北京丽泽恒泰店)
76955903,江苏省,无锡市,汉堡王(苏宁天御广场店)
76991918,四川省,成都市,汉堡王(成都上古天地店)
76991923,河南省,安阳市,汉堡王(安阳文峰汇十二府店)
76998432,重庆市,九龙坡区,汉堡王(华宇锦绣店)
77231520,江苏省,无锡市,汉堡王(无锡梦想城店)
77300948,北京市,大兴区,汉堡王(大兴龙湖店)
77348782,山东省,临沂市,汉堡王(临沂丽森豪都店)
77457879,北京市,大兴区,汉堡王(中航技广场店)
77457899,山西省,晋城市,汉堡王(凤展购物中心店)
79416464,江西省,南昌市,汉堡王
79634861,河北省,石家庄市,汉堡王炒酸奶
8675906,浙江省,宁波市,汉堡王(宁波印象城店)
90049703,河北省,沧州市,汉堡王鲜奶吧
90283264,四川省,成都市,汉堡王(成都双铁路店)
90408885,北京市,朝阳区,汉堡王(悠唐广场店)
9079871,广东省,深圳市,汉堡王(地王购物中心店)
9080208,广东省,深圳市,汉堡王(深圳龙岗宝能店)
91060262,浙江省,台州市,汉堡王子(车站店)
9590570,辽宁省,大连市,汉堡王(大连高新万达店)
9691630,辽宁省,沈阳市,汉堡王(桃仙机场店)
10647823,上海市,普陀区,汉堡王(上海月星店)
11559804,广东省,广州市,汉堡王(花城汇店)
13739101,广东省,深圳市,汉堡王(深圳蔡屋围店)
13739128,广东省,深圳市,汉堡王(深圳金丰城店)
13739163,广东省,深圳市,汉堡王(深圳西荟城店)
13856373,辽宁省,大连市,汉堡王(大连佳兆业店)
14688018,广东省,深圳市,汉堡王(西乡魅力时代店)
15962921,山东省,济南市,汉堡王(世茂店)
16818829,广东省,深圳市,汉堡王(万科天誉广场店)
16976929,海南省,三亚市,汉堡王(机场店)
17205982,广东省,广州市,汉堡王(广州建滔大厦店)
19191323,北京市,丰台区,汉堡王(北京福海国际店)
19490873,重庆市,九龙坡区,汉堡王(重庆万象城店)
1958542,香港特别行政区,离岛区,汉堡王(机场DFS店)
19605306,北京市,通州区,汉堡王(北京通州罗斯福店)
19683321,湖北省,武汉市,汉堡王(武汉大洋百货店)
20642018,湖北省,武汉市,汉堡王(珞珈创意城店)
20649375,陕西省,西安市,汉堡王
21385969,湖北省,武汉市,汉堡王(光谷步行街店)
21714050,黑龙江省,哈尔滨市,汉堡王(机场店)
21970105,湖北省,武汉市,汉堡王(百脑汇店)
22040914,辽宁省,大连市,汉堡王（第五郡）(亿家缘店)
23279427,山东省,济南市,汉堡王(济南环宇城)
23326418,江苏省,南京市,汉堡王(南京同曦假日百货店)
23681051,江苏省,苏州市,汉堡王国(西湖苑店)
23901049,江苏省,南京市,汉堡王(南京万谷慧店)
24791233,浙江省,杭州市,汉堡王(杭州丁兰广场店)
24791276,广东省,深圳市,汉堡王(福华三路店)
24791283,广东省,深圳市,汉堡王(深圳魅力时代店)
26232310,福建省,厦门市,汉堡王
26232311,辽宁省,大连市,汉堡王(海顺街店)
26987922,北京市,海淀区,汉堡王(北京上地宏达花园店)
27250953,河南省,开封市,汉堡王(二七万达店)
27303773,北京市,丰台区,汉堡王(北京永旺梦乐城店)
27341092,山东省,济南市,汉堡王(济南市中绿地店)
2954305,江苏省,苏州市,汉堡王(苏州时代广场店)
32372035,江苏省,南京市,汉堡王(清江苏宁店)
32445077,重庆市,渝中区,汉堡王(国泰店)
40399476,山东省,临沂市,汉堡王(临沂上海街店)
4290556,广东省,深圳市,汉堡王(华强旗舰店)
44350766,辽宁省,鞍山市,汉堡王(西关店)
45307277,云南省,昆明市,汉堡王(世纪金源店)
45490244,江苏省,苏州市,汉堡王(吴中万达店)
45606952,浙江省,嘉兴市,汉堡王(越秀南路八佰伴店)
45649825,北京市,朝阳区,汉堡王(北京北辰名门店)
47850953,湖北省,武汉市,汉堡王(沌口永旺店)
48189772,河北省,石家庄市,汉堡王子
48641282,山东省,烟台市,汉堡王(温泉路店)
50549621,黑龙江省,佳木斯市,汉堡王(转盘道店)
5238380,广东省,广州市,汉堡王(广州世贸餐厅店)
5296226,上海市,长宁区,汉堡王(天山路店)
5484713,北京市,丰台区,汉堡王(北京南站地上店)
56586414,江苏省,苏州市,汉堡王(昆山奥特莱斯)
56625815,重庆市,永川区,汉堡王(重庆永川协信店)
57016139,浙江省,杭州市,汉堡王(杭州金逸影城店)
57538520,内蒙古自治区,呼伦贝尔市,汉堡王(王杰广场店)
57789761,浙江省,嘉兴市,汉堡王(嘉兴越秀南路八佰伴店)
57796189,重庆市,渝北区,汉堡王(重庆恒大中渝店)
57940757,天津市,南开区,汉堡王(天津富力大厦店)
58202683,江苏省,苏州市,汉堡王(苏州火车站店)
58238327,北京市,朝阳区,汉堡王(永安里店)
58258298,浙江省,绍兴市,汉堡王(绍兴袍江大润发店)
58385187,内蒙古自治区,呼和浩特市,汉堡王(呼和浩特亚辰七彩城店)
59107988,湖南省,湘潭市,汉堡王(湘潭万达店)
6111397,陕西省,西安市,汉堡王(雁塔店)
62499164,河南省,周口市,汉堡王中西快餐
65762346,上海市,杨浦区,汉堡王(安波路店)
66768928,广东省,东莞市,汉堡王(东莞盛景店)
66974796,吉林省,四平市,汉堡王(四平万达店)
67219059,浙江省,绍兴市,汉堡王(绍兴万达餐厅店)
67314807,山东省,德州市,汉堡王(德州澳德乐店)
67337456,重庆市,九龙坡区,汉堡王(重庆金茂街)
67344986,新疆维吾尔自治区,乌鲁木齐市,汉堡王(汇嘉时代店)
67647899,广东省,广州市,汉堡王(合生广场店)
67647945,上海市,浦东新区,汉堡王(禹洲商业广场店)
68246286,江苏省,镇江市,汉堡王(常发广场店)
68723622,广东省,深圳市,汉堡王子
69316178,广东省,汕头市,汉堡王(汕头金湖路店)
69529482,河南省,三门峡市,汉堡王汉堡(三门峡万达广场店)
69532130,广东省,深圳市,汉堡王(银信店)
69635574,上海市,嘉定区,汉堡王(嘉定宝龙城市广场)
69635631,安徽省,合肥市,汉堡王(合肥万达茂店)
69635709,江苏省,常州市,汉堡王(常州月星环球港)
69635844,湖南省,长沙市,汉堡王(长沙金茂汇)
69635851,重庆市,渝中区,汉堡王(重庆瑞天路)
74569461,辽宁省,沈阳市,汉堡王(沈阳金融中心华府店)
74993341,江苏省,南京市,汉堡王(南京油坊城店)
75123038,吉林省,延边朝鲜族自治州,汉堡王(延吉天池店)
75136391,贵州省,贵阳市,汉堡王(贵阳恒峰步行街店)
76692809,安徽省,蚌埠市,汉堡王(银泰城店)
76896207,安徽省,合肥市,汉堡王(合肥悦方广场店)
76896235,上海市,普陀区,汉堡王(上海King88)
76904583,湖北省,武汉市,汉堡王(万金国际广场店)
76936826,天津市,东丽区,汉堡王(天津滨湖复地)
76936835,山东省,济南市,汉堡王(济南名泉春晓店)
76991906,福建省,福州市,汉堡王(马尾名城店)
76991915,浙江省,杭州市,汉堡王(滨江宝龙城市广场店)
76991919,四川省,南充市,汉堡王(高坪王府井店)
76991922,福建省,福州市,汉堡王(马保正荣店)
76991925,广东省,江门市,汉堡王(恩平锦江国际店)
77281835,四川省,成都市,汉堡王(成都凤凰西六路店)
77337947,河北省,石家庄市,汉堡王子
77354196,浙江省,嘉兴市,汉堡王(嘉善万联城店)
77457863,天津市,红桥区,汉堡王(聚源广场店)
77467950,上海市,徐汇区,汉堡王(绿地缤纷店)
79452398,天津市,西青区,汉堡王(冠德环球店)
79452419,北京市,海淀区,汉堡王(东升科技园店)
79630806,福建省,厦门市,汉堡王(厦门环岛东路店)
82686079,浙江省,台州市,汉堡王子(界牌路)
8848880,北京市,朝阳区,汉堡王(北京远洋万和城店)
8860821,安徽省,合肥市,汉堡王(合肥之心城店)
91013651,江苏省,苏州市,汉堡王(国家科技园店)
91853031,上海市,浦东新区,汉堡王(世纪大都会店)
92038910,湖北省,武汉市,汉堡王甜品屋(银泰创意城店)
9217504,浙江省,宁波市,汉堡王子(宝善店)
9623421,安徽省,合肥市,汉堡王(合肥欢乐颂店)
9631131,江苏省,徐州市,汉堡王(育才路店)
77231581,黑龙江省,哈尔滨市,汉堡王(汉堡王哈尔滨学院路店)
77281846,安徽省,阜阳市,汉堡王(阜阳怡和店)
77300996,山东省,烟台市,汉堡王(烟台宝龙店)
77473279,重庆市,南岸区,汉堡王(南坪万达店)
77625008,黑龙江省,齐齐哈尔市,汉堡王(大商新玛特店)
79265218,江苏省,南通市,汉堡王(启东江海中路店)
79835056,河北省,邯郸市,汉堡王大鸡排
8825709,辽宁省,沈阳市,汉堡王(沈阳星摩尔一店)
8828123,内蒙古自治区,呼伦贝尔市,汉堡王(纳文西大街店)
90324043,上海市,松江区,汉堡王(九亭U天地店)
9093111,吉林省,长春市,汉堡王(商贸街店)
91013839,北京市,海淀区,汉堡王(西三旗京玺文化创意园)
91624717,上海市,宝山区,汉堡王(宝山永辉店)
91853373,湖北省,武汉市,汉堡王(中山公园店)
91853520,江苏省,南京市,汉堡王(托乐嘉广场店)
9394424,上海市,长宁区,汉堡王(仙霞路店)
9701759,江苏省,宿迁市,汉堡王子  麻辣烫
