﻿shopID,lv1Name,lv2Name,shopName
5208217,北京,北京,康师傅私房牛肉面(大钟寺店)
4517548,贵州,贵阳,康师傅私房牛肉面(富水店)
4517697,福建,福州,康师傅私房牛肉面(东方店)
4665821,天津,天津,康师傅私房牛肉面(翠亨邨店)
18488590,江苏,苏州,康师傅私房牛肉面(大润发店)
17775002,上海,上海,康师傅私房牛肉面(软件园店)
6063522,北京,北京,康师傅私房牛肉面(金源店)
21700093,上海,上海,康师傅私房牛肉面(上海南站店)
18515451,广东,广州,康师傅私房牛肉面(中泰店)
57487010,上海,上海,康师傅私房牛肉面(龙阳路店)
56777158,福建,厦门,康师傅私房牛肉面(厦门北站店)
6850792,天津,天津,康师傅私房牛肉面(天津站店)
6063259,北京,北京,康师傅私房牛肉面(三元桥店)
3446869,上海,上海,康师傅私房牛肉面(华漕店)
23630882,江苏,苏州,康师傅私房牛肉面(康师傅私房牛肉面)
21699664,浙江,杭州,康师傅私房牛肉面(钱江店)
5284902,浙江,宁波,康师傅私房牛肉面(新世界百货店)
5241145,广东,深圳,康师傅私房牛肉面(龙华店)
24032223,天津,天津,康师傅私房牛肉面
24032229,浙江,杭州,康师傅私房牛肉面
24032228,天津,天津,康师傅私房牛肉面
2221087,北京,北京,康师傅私房牛肉面(远洋店)
5606863,山东,烟台,康师傅私房牛肉面(商业街店)
40850519,辽宁,沈阳,康师傅私房牛肉面(沈北站店)
23311985,山东,济南,康师傅私房牛肉面(济南西高铁店)
22048107,上海,上海,康师傅私房牛肉面
50560684,北京,北京,康师傅私房牛肉面
24956605,广东,广州,康师傅私房牛肉面(财富广场店)
23684457,北京,北京,康师傅私房牛肉面
5733072,江苏,苏州,康师傅私房牛肉面(星海店)
22518377,福建,福州,康师傅私房牛肉面
6218282,新疆,乌鲁木齐,康师傅私房牛肉面
48169996,江苏,苏州,康师傅私房牛肉面星海餐厅
3992566,广东,东莞,康师傅私房牛肉面(厚街店)
23383884,江苏,苏州,康师傅私房牛肉面(火车站店)
56676028,广东,深圳,康师傅私房牛肉面(市民中心(三寸时光店)
17389447,云南,昆明,康师傅私房牛肉面
5606356,北京,北京,康师傅私房牛肉面(北京南站店)
17800973,上海,上海,康师傅私房牛肉面(嘉杰店)
2184868,北京,北京,康师傅私房牛肉面(第三极店)
3194185,四川,成都,康师傅私房牛肉面(锦华店)
57753102,江苏,苏州,康师傅私房牛肉面
22239274,上海,上海,康师傅私房牛肉面(浦东机场T2店)
2849869,天津,天津,康师傅私房牛肉面(黄海路店)
24032219,北京,北京,康师傅私房牛肉面
24032218,广东,深圳,康师傅私房牛肉面
24032217,广东,广州,康师傅私房牛肉面(新塘店)
21294777,上海,上海,康师傅私房牛肉面 虹桥火车站店
5305415,浙江,宁波,康师傅私房牛肉面(新世界店)
8821839,北京,北京,康师傅私房牛肉面(东直门店)
6804020,广东,深圳,康师傅私房牛肉面(中心城店)
8861923,北京,北京,康师傅私房牛肉面(十里堡店)
50672120,上海,上海,康师傅私房牛肉面(宝龙店)
6120895,浙江,杭州,康师傅私房牛肉面(环球店)
3555457,天津,天津,康师傅私房牛肉面(永莲店)
3650995,江苏,苏州,康师傅私房牛肉面(浒关店)
19302774,江苏,南京,康师傅私房牛肉面
5285336,河南,洛阳,康师傅私房牛肉面(新都汇店)
5313255,新疆,乌鲁木齐,康师傅私房牛肉面(友好店)
3679231,上海,上海,康师傅私房牛肉面(三林路店)
3497932,广东,广州,康师傅私房牛肉面(市桥店)
22664063,广东,广州,康师傅私房牛肉面
2396062,北京,北京,康师傅私房牛肉面(北京站店)
21699893,云南,昆明,康师傅私房牛肉面(昆明站店)
10450910,贵州,贵阳,康师傅私房牛肉面
2548684,天津,天津,康师傅私房牛肉面(塘沽店)
3479371,北京,北京,康师傅私房牛肉面(望京店)
6853270,广东,广州,康师傅私房牛肉面(北京路店)
33507470,湖南,长沙,康师傅私房牛肉面(高铁-B7检票口旁)
23247212,广东,深圳,康师傅私房牛肉面(市民中心三寸时光店)
58971352,山东,济南,康师傅私房牛肉面(遥墙机场店)
57250699,天津,天津,康师傅私房牛肉面(鞍山道店)
3553678,河南,郑州,康师傅私房牛肉面(曼哈顿广场店)
38515279,上海,上海,康师傅私房牛肉面(世博源店)
5510786,北京,北京,康师傅私房牛肉面(奥莱店)
24032222,北京,北京,康师傅私房牛肉面
50471850,北京,北京,康师傅私房牛肉面
59224298,江苏,苏州,康师傅私房牛肉面(新区店)
22237627,广东,深圳,康师傅私房牛肉面(深北店)
5989921,北京,北京,康师傅私房牛肉面(东源店)
43843652,广东,惠州,康师傅私房牛肉面(麦兴路店)
21597196,云南,昆明,康师傅私房牛肉面
59130933,江苏,苏州,康师傅私房牛肉面（新区永旺店）(新区永旺梦乐城店)
50316424,河南,郑州,康师傅私房牛肉面(大学路店)
4097222,北京,北京,康师傅私房牛肉面(民族园店)
21700336,河南,洛阳,康师傅私房牛肉面(新都汇店)
56571932,新疆,乌鲁木齐,康师傅私房牛肉面(地窝堡国际机场店)
4655361,新疆,乌鲁木齐,康师傅私房牛肉面(成功广场店)
24054098,北京,北京,康师傅私房牛肉面(长城奥莱店)
21171739,北京,北京,康师傅私房牛肉面(SKP店)
5443935,四川,成都,康师傅私房牛肉面(高新店)
4549982,湖北,武汉,康师傅私房牛肉面(武汉高铁店)
10384459,四川,成都,康师傅私房牛肉面
32335919,天津,天津,康师傅私房牛肉面(小白楼店)
21336640,浙江,杭州,康师傅私房牛肉面 庆春店
5582076,辽宁,沈阳,康师傅私房牛肉面(中华路店)
24006069,辽宁,沈阳,康师傅私房牛肉面(南京南街店)
5244163,重庆,重庆,康师傅私房牛肉面(江北机场店)
5269253,北京,北京,康师傅私房牛肉面
23671059,北京,北京,康师傅私房牛肉面
21093109,上海,上海,康师傅私房牛肉面
3887809,江苏,苏州,康师傅私房牛肉面(观前街店)
5490899,江苏,苏州,康师傅私房牛肉面(苏州站店)
21992326,江苏,苏州,康师傅私房牛肉面(园区店)
19356339,河南,郑州,康师傅私房牛肉面
4226538,云南,昆明,康师傅私房牛肉面(新建设店)
21699274,北京,北京,康师傅私房牛肉面(三元桥店)
2225008,北京,北京,康师傅私房牛肉面(中关村店)
4204023,上海,上海,康师傅私房牛肉面(虹桥一店)
13858492,北京,北京,康师傅私房牛肉面
2043571,北京,北京,康师傅私房牛肉面(礼士路店)
2199682,上海,上海,康师傅私房牛肉面(淮海中路店)
14192176,浙江,宁波,康师傅私房牛肉面
58068226,上海,上海,康师傅私房牛肉面(世博店)
58623931,江苏,苏州,康师傅私房牛肉面
5296904,陕西,西安,康师傅私房牛肉面(大雁塔南广场店)
20695808,上海,上海,康师傅私房牛肉面
5651261,上海,上海,康师傅私房牛肉面(北广场店)
38119153,广东,广州,康师傅私房牛肉面(广南店)
27108418,北京,北京,康师傅私房牛肉面(北京南站店出发层)
3347326,江苏,苏州,康师傅私房牛肉面(东环路店)
22952330,湖南,长沙,康师傅私房牛肉面(长沙高铁2店)
18637363,广东,深圳,康师傅私房牛肉面
46452965,北京,北京,康师傅私房牛肉面(朝阳北路店)
23583175,江苏,苏州,康师傅私房牛肉面(太仓店)
5277085,浙江,杭州,康师傅私房牛肉面(钱江店)
21294884,上海,上海,康师傅私房牛肉面 虹桥火车站店
4547725,北京,北京,康师傅私房牛肉面(阜成门店)
5296893,山东,青岛,康师傅私房牛肉面(即墨店)
23658889,湖南,长沙,康师傅私房牛肉面(高铁一店)
24032934,北京,北京,康师傅私房牛肉面(安贞华联店)
24032251,浙江,杭州,康师傅私房牛肉面
5195822,云南,昆明,康师傅私房牛肉面(昆明站一店)
5297064,湖南,长沙,康师傅私房牛肉面(高桥店)
57276679,上海,上海,康师傅私房牛肉面(北广场店)
5499581,辽宁,沈阳,康师傅私房牛肉面(滂江街店)
3125335,上海,上海,康师傅私房牛肉面(黄兴路店)
3277102,上海,上海,康师傅私房牛肉面(天山店)
21699395,广东,广州,康师傅私房牛肉面(白云机场店)
5733960,北京,北京,康师傅私房牛肉面(欧陆店)
21311176,北京,北京,康师傅私房牛肉面(南站2店)
23882613,江苏,苏州,康师傅私房牛肉面
2743858,福建,厦门,康师傅私房牛肉面(育秀店)
57686920,辽宁,沈阳,康师傅私房牛肉面(沈阳站店)
24032241,天津,天津,康师傅私房牛肉面
24032247,云南,昆明,康师傅私房牛肉面(昆明机场店)
24032249,上海,上海,康师傅私房牛肉面
24032248,天津,天津,康师傅私房牛肉面(新百店)
21700281,河南,郑州,康师傅私房牛肉面
2205790,北京,北京,康师傅私房牛肉面(双井店)
4971218,北京,北京,康师傅私房牛肉面(马连道店)
4287237,新疆,乌鲁木齐,康师傅私房牛肉面(中山店)
5219999,浙江,杭州,康师傅私房牛肉面(平海店)
39672744,海南,海口,康师傅私房牛肉面(解放西路店)
52349174,北京,北京,康师傅私房牛肉面
50530937,河南,郑州,康师傅私房牛肉面(康桥店)
5264199,江苏,苏州,康师傅私房牛肉面(新苏店)
5156138,北京,北京,康师傅私房牛肉面(科丰店)
4714198,四川,成都,康师傅私房牛肉面(世城店)
4564564,山东,济南,康师傅私房牛肉面(趵突泉店)
2394931,上海,上海,康师傅私房牛肉面(汤臣店)
5468975,云南,昆明,康师傅私房牛肉面(金鹰店)
19639995,上海,上海,康师傅私房牛肉面(浦东申虹店)
3272344,上海,上海,康师傅私房牛肉面(秀沿店)
6438002,新疆,乌鲁木齐,康师傅私房牛肉面(机场店)
3375160,北京,北京,康师傅私房牛肉面(活力店)
21699948,云南,昆明,康师傅私房牛肉面
5257336,北京,北京,康师傅私房牛肉面(前门店)
4723487,福建,厦门,康师傅私房牛肉面
44389493,广东,深圳,康师傅私房牛肉面(连城店)
16005020,上海,上海,康师傅私房牛肉面(宝龙店)
5195211,四川,成都,康师傅私房牛肉面(财富又一城店)
2597911,北京,北京,康师傅私房牛肉面(龙德店)
58802099,北京,北京,康师傅私房牛肉面
24032250,上海,上海,康师傅私房牛肉面(虹桥3店)
21982240,山东,青岛,康师傅私房牛肉面(流亭机场店)
5485618,河南,郑州,康师傅私房牛肉面(丹尼斯店)
2720665,广东,广州,康师傅私房牛肉面(正佳店)
24032238,浙江,杭州,康师傅私房牛肉面(中山路店)
5422718,福建,福州,康师傅私房牛肉面(万象店)
22157360,福建,福州,康师傅私房牛肉面馆
3652459,北京,北京,康师傅私房牛肉面(朝阳北路)
5241279,四川,成都,康师傅私房牛肉面(城心店)
23968462,江苏,苏州,康师傅私房牛肉面(吴中店)
98487522,广东,珠海,康师傅私房牛肉面
95074656,天津,天津,康师傅私房牛肉面(日报大厦店)
92670725,北京,北京,康师傅私房牛肉面
97302172,江苏,苏州,康师傅私房牛肉面(苏州中心店)
2944408,福建,鼓浪屿,康师傅私房牛肉面(鼓浪屿店)
67310692,浙江,杭州,康师傅私房牛肉面(萧山机场T1店)
24899835,浙江,朱家尖,康师傅私房牛肉面(慈航店)
92832636,福建,厦门,康师傅私房牛肉面(国贸店)
5474441,江苏,昆山,康师傅私房牛肉面(昆山店)
69132988,江西,南昌,康师傅私房牛肉面(昌北机场店)
97370121,江苏,南通,康师傅私房牛肉面(永旺店)
77868842,山西,孝义市,康师傅私房牛肉面
70851028,上海,上海,康师傅私房牛肉面(虹升二店)
67687070,广东,深圳,康师傅私房牛肉面(大梅沙店)
76914223,海南,保亭,康师傅私房牛肉面(呀诺达店)
96284794,山东,济南,康师傅私房牛肉面(领秀城店)
67723301,山东,聊城,康师傅私房牛肉面
76843510,新疆,乌鲁木齐,康师傅私房牛肉面(T3机场店)
24032225,浙江,湖州,康师傅私房牛肉面(东吴银泰)
60539301,广东,顺德区,康师傅私房牛肉面(顺德店)
98090933,浙江,杭州,康师傅私房牛肉面(湖滨店)
91861048,天津,天津,康师傅私房牛肉面
60377281,广东,广州,康师傅私房牛肉面(天河城店)
60509436,江苏,苏州,康师傅私房牛肉面(观前街店)
93552070,浙江,宁波,康师傅私房牛肉面(东鼓道店)
